Alloy_Name,Alloy_Type,Cu,Al,Cr,Mg,Ni,Si,Solid_Solution_Temp_K,Aging_Temp_K,Aging_Time_h,Electrical_Conductivity_IACS
Cu-1Cr,Cu low alloyed,99.19,0.0,0.81,0.0,0.0,0.0,1323.0,723.0,0.333,65.0
Cu-1Cr,Cu low alloyed,99.19,0.0,0.81,0.0,0.0,0.0,1323.0,723.0,1.5,79.0
Cu-1Cr,Cu low alloyed,99.19,0.0,0.81,0.0,0.0,0.0,1323.0,723.0,6.0,85.0
Cu-1Cr,Cu low alloyed,99.19,0.0,0.81,0.0,0.0,0.0,1323.0,723.0,0.167,46.0
Cu-1Cr,Cu low alloyed,99.19,0.0,0.81,0.0,0.0,0.0,1323.0,723.0,0.75,74.0
Cu-1Cr,Cu low alloyed,99.19,0.0,0.81,0.0,0.0,0.0,1323.0,723.0,1.5,81.0
Cu-1Cr,Cu low alloyed,99.19,0.0,0.81,0.0,0.0,0.0,1323.0,723.0,6.0,88.0
Cu-1Cr,Cu low alloyed,99.19,0.0,0.81,0.0,0.0,0.0,1323.0,723.0,24.0,91.0
Cu-0.28Cr-0.19Mg,Cu low alloyed,99.53,0.0,0.28,0.19,0.0,0.0,1223.0,663.0,0.0083,48.0
Cu-0.28Cr-0.19Mg,Cu low alloyed,99.53,0.0,0.28,0.19,0.0,0.0,1223.0,663.0,0.0167,48.0
Cu-0.28Cr-0.19Mg,Cu low alloyed,99.53,0.0,0.28,0.19,0.0,0.0,1223.0,663.0,0.0417,48.0
Cu-0.28Cr-0.19Mg,Cu low alloyed,99.53,0.0,0.28,0.19,0.0,0.0,1223.0,663.0,0.0833,48.0
Cu-0.28Cr-0.19Mg,Cu low alloyed,99.53,0.0,0.28,0.19,0.0,0.0,1223.0,663.0,0.167,48.0
Cu-0.28Cr-0.19Mg,Cu low alloyed,99.53,0.0,0.28,0.19,0.0,0.0,1223.0,663.0,0.25,48.0
Cu-0.28Cr-0.19Mg,Cu low alloyed,99.53,0.0,0.28,0.19,0.0,0.0,1223.0,663.0,0.5,50.0
Cu-0.28Cr-0.19Mg,Cu low alloyed,99.53,0.0,0.28,0.19,0.0,0.0,1223.0,663.0,1.0,55.0
Cu-0.28Cr-0.19Mg,Cu low alloyed,99.53,0.0,0.28,0.19,0.0,0.0,1223.0,663.0,2.0,65.0
Cu-0.28Cr-0.19Mg,Cu low alloyed,99.53,0.0,0.28,0.19,0.0,0.0,1223.0,663.0,4.0,71.0
Cu-0.28Cr-0.19Mg,Cu low alloyed,99.53,0.0,0.28,0.19,0.0,0.0,1223.0,663.0,6.0,76.0
Cu-0.28Cr-0.19Mg,Cu low alloyed,99.53,0.0,0.28,0.19,0.0,0.0,1223.0,663.0,8.0,76.0
Cu-0.28Cr-0.19Mg,Cu low alloyed,99.53,0.0,0.28,0.19,0.0,0.0,1223.0,663.0,12.0,77.0
Cu-0.28Cr-0.19Mg,Cu low alloyed,99.53,0.0,0.28,0.19,0.0,0.0,1223.0,693.0,0.0083,47.0
Cu-0.28Cr-0.19Mg,Cu low alloyed,99.53,0.0,0.28,0.19,0.0,0.0,1223.0,693.0,0.0167,47.0
Cu-0.28Cr-0.19Mg,Cu low alloyed,99.53,0.0,0.28,0.19,0.0,0.0,1223.0,693.0,0.0417,48.0
Cu-0.28Cr-0.19Mg,Cu low alloyed,99.53,0.0,0.28,0.19,0.0,0.0,1223.0,693.0,0.0833,47.0
Cu-0.28Cr-0.19Mg,Cu low alloyed,99.53,0.0,0.28,0.19,0.0,0.0,1223.0,693.0,0.167,48.0
Cu-0.28Cr-0.19Mg,Cu low alloyed,99.53,0.0,0.28,0.19,0.0,0.0,1223.0,693.0,0.25,49.0
Cu-0.28Cr-0.19Mg,Cu low alloyed,99.53,0.0,0.28,0.19,0.0,0.0,1223.0,693.0,0.5,53.0
Cu-0.28Cr-0.19Mg,Cu low alloyed,99.53,0.0,0.28,0.19,0.0,0.0,1223.0,693.0,1.0,66.0
Cu-0.28Cr-0.19Mg,Cu low alloyed,99.53,0.0,0.28,0.19,0.0,0.0,1223.0,693.0,2.0,76.0
Cu-0.28Cr-0.19Mg,Cu low alloyed,99.53,0.0,0.28,0.19,0.0,0.0,1223.0,693.0,4.0,79.0
Cu-0.28Cr-0.19Mg,Cu low alloyed,99.53,0.0,0.28,0.19,0.0,0.0,1223.0,693.0,6.0,79.0
Cu-0.28Cr-0.19Mg,Cu low alloyed,99.53,0.0,0.28,0.19,0.0,0.0,1223.0,693.0,8.0,80.0
Cu-0.28Cr-0.19Mg,Cu low alloyed,99.53,0.0,0.28,0.19,0.0,0.0,1223.0,693.0,12.0,82.0
Cu-0.28Cr-0.19Mg,Cu low alloyed,99.53,0.0,0.28,0.19,0.0,0.0,1223.0,723.0,0.0083,47.0
Cu-0.28Cr-0.19Mg,Cu low alloyed,99.53,0.0,0.28,0.19,0.0,0.0,1223.0,723.0,0.0167,47.0
Cu-0.28Cr-0.19Mg,Cu low alloyed,99.53,0.0,0.28,0.19,0.0,0.0,1223.0,723.0,0.0417,47.0
Cu-0.28Cr-0.19Mg,Cu low alloyed,99.53,0.0,0.28,0.19,0.0,0.0,1223.0,723.0,0.0833,48.0
Cu-0.28Cr-0.19Mg,Cu low alloyed,99.53,0.0,0.28,0.19,0.0,0.0,1223.0,723.0,0.167,50.0
Cu-0.28Cr-0.19Mg,Cu low alloyed,99.53,0.0,0.28,0.19,0.0,0.0,1223.0,723.0,0.25,54.0
Cu-0.28Cr-0.19Mg,Cu low alloyed,99.53,0.0,0.28,0.19,0.0,0.0,1223.0,723.0,0.5,71.0
Cu-0.28Cr-0.19Mg,Cu low alloyed,99.53,0.0,0.28,0.19,0.0,0.0,1223.0,723.0,1.0,80.0
Cu-0.28Cr-0.19Mg,Cu low alloyed,99.53,0.0,0.28,0.19,0.0,0.0,1223.0,723.0,2.0,80.0
Cu-0.28Cr-0.19Mg,Cu low alloyed,99.53,0.0,0.28,0.19,0.0,0.0,1223.0,723.0,4.0,83.0
Cu-0.28Cr-0.19Mg,Cu low alloyed,99.53,0.0,0.28,0.19,0.0,0.0,1223.0,723.0,6.0,84.0
Cu-0.28Cr-0.19Mg,Cu low alloyed,99.53,0.0,0.28,0.19,0.0,0.0,1223.0,723.0,8.0,83.0
Cu-0.28Cr-0.19Mg,Cu low alloyed,99.53,0.0,0.28,0.19,0.0,0.0,1223.0,723.0,12.0,83.0
Cu-0.28Cr-0.19Mg,Cu low alloyed,99.53,0.0,0.28,0.19,0.0,0.0,1223.0,753.0,0.0083,45.0
Cu-0.28Cr-0.19Mg,Cu low alloyed,99.53,0.0,0.28,0.19,0.0,0.0,1223.0,753.0,0.0167,47.0
Cu-0.28Cr-0.19Mg,Cu low alloyed,99.53,0.0,0.28,0.19,0.0,0.0,1223.0,753.0,0.0417,46.0
Cu-0.28Cr-0.19Mg,Cu low alloyed,99.53,0.0,0.28,0.19,0.0,0.0,1223.0,753.0,0.0833,48.0
Cu-0.28Cr-0.19Mg,Cu low alloyed,99.53,0.0,0.28,0.19,0.0,0.0,1223.0,753.0,0.167,53.0
Cu-0.28Cr-0.19Mg,Cu low alloyed,99.53,0.0,0.28,0.19,0.0,0.0,1223.0,753.0,0.25,62.0
Cu-0.28Cr-0.19Mg,Cu low alloyed,99.53,0.0,0.28,0.19,0.0,0.0,1223.0,753.0,0.5,76.0
Cu-0.28Cr-0.19Mg,Cu low alloyed,99.53,0.0,0.28,0.19,0.0,0.0,1223.0,753.0,1.0,82.0
Cu-0.28Cr-0.19Mg,Cu low alloyed,99.53,0.0,0.28,0.19,0.0,0.0,1223.0,753.0,2.0,82.0
Cu-0.28Cr-0.19Mg,Cu low alloyed,99.53,0.0,0.28,0.19,0.0,0.0,1223.0,753.0,4.0,85.0
Cu-0.28Cr-0.19Mg,Cu low alloyed,99.53,0.0,0.28,0.19,0.0,0.0,1223.0,753.0,6.0,85.0
Cu-0.28Cr-0.19Mg,Cu low alloyed,99.53,0.0,0.28,0.19,0.0,0.0,1223.0,753.0,8.0,84.0
Cu-0.28Cr-0.19Mg,Cu low alloyed,99.53,0.0,0.28,0.19,0.0,0.0,1223.0,753.0,12.0,85.0
Cu-0.28Cr-0.19Mg,Cu low alloyed,99.53,0.0,0.28,0.19,0.0,0.0,1223.0,783.0,0.0083,46.0
Cu-0.28Cr-0.19Mg,Cu low alloyed,99.53,0.0,0.28,0.19,0.0,0.0,1223.0,783.0,0.0167,47.0
Cu-0.28Cr-0.19Mg,Cu low alloyed,99.53,0.0,0.28,0.19,0.0,0.0,1223.0,783.0,0.0417,47.0
Cu-0.28Cr-0.19Mg,Cu low alloyed,99.53,0.0,0.28,0.19,0.0,0.0,1223.0,783.0,0.0833,49.0
Cu-0.28Cr-0.19Mg,Cu low alloyed,99.53,0.0,0.28,0.19,0.0,0.0,1223.0,783.0,0.167,51.0
Cu-0.28Cr-0.19Mg,Cu low alloyed,99.53,0.0,0.28,0.19,0.0,0.0,1223.0,783.0,0.25,54.0
Cu-0.28Cr-0.19Mg,Cu low alloyed,99.53,0.0,0.28,0.19,0.0,0.0,1223.0,783.0,0.5,62.0
Cu-0.28Cr-0.19Mg,Cu low alloyed,99.53,0.0,0.28,0.19,0.0,0.0,1223.0,783.0,1.0,78.0
Cu-0.28Cr-0.19Mg,Cu low alloyed,99.53,0.0,0.28,0.19,0.0,0.0,1223.0,783.0,2.0,86.0
Cu-0.28Cr-0.19Mg,Cu low alloyed,99.53,0.0,0.28,0.19,0.0,0.0,1223.0,783.0,4.0,87.0
Cu-0.28Cr-0.19Mg,Cu low alloyed,99.53,0.0,0.28,0.19,0.0,0.0,1223.0,783.0,6.0,88.0
Cu-0.28Cr-0.19Mg,Cu low alloyed,99.53,0.0,0.28,0.19,0.0,0.0,1223.0,783.0,8.0,87.0
Cu-0.28Cr-0.19Mg,Cu low alloyed,99.53,0.0,0.28,0.19,0.0,0.0,1223.0,783.0,12.0,87.0
Cu-6Ni-1.5Si,Cu-Ni-Si alloys,92.62,0.0,0.0,0.0,5.94,1.44,1253.0,773.0,7.0,46.0
Cu-6Ni-1.5Si,Cu-Ni-Si alloys,92.62,0.0,0.0,0.0,5.94,1.44,1253.0,773.0,0.15,24.0
Cu-6Ni-1.5Si,Cu-Ni-Si alloys,92.62,0.0,0.0,0.0,5.94,1.44,1253.0,773.0,0.5,28.0
Cu-6Ni-1.5Si,Cu-Ni-Si alloys,92.62,0.0,0.0,0.0,5.94,1.44,1253.0,773.0,1.0,29.0
Cu-6Ni-1.5Si,Cu-Ni-Si alloys,92.62,0.0,0.0,0.0,5.94,1.44,1253.0,773.0,3.0,34.0
Cu-6Ni-1.5Si,Cu-Ni-Si alloys,92.62,0.0,0.0,0.0,5.94,1.44,1253.0,773.0,6.0,35.0
Cu-2Ni-0.5Si,Cu-Ni-Si alloys,97.5,0.0,0.0,0.0,2.0,0.5,1003.0,673.0,72.0,47.0
Cu-2Ni-0.5Si-0.1Mg,Cu-Ni-Si alloys,97.4,0.0,0.0,0.1,2.0,0.5,1003.0,673.0,72.0,44.0
Cu-2Ni-0.5Si,Cu-Ni-Si alloys,97.5,0.0,0.0,0.0,2.0,0.5,1003.0,673.0,72.0,46.0
Cu-6Ni-1.4Si-0.15Mg-0.1Cr,Cu-Ni-Si alloys,92.35,0.0,0.1,0.15,6.0,1.4,1243.0,673.0,0.167,23.0
Cu-6Ni-1.4Si-0.15Mg-0.1Cr,Cu-Ni-Si alloys,92.35,0.0,0.1,0.15,6.0,1.4,1243.0,673.0,0.333,24.0
Cu-6Ni-1.4Si-0.15Mg-0.1Cr,Cu-Ni-Si alloys,92.35,0.0,0.1,0.15,6.0,1.4,1243.0,673.0,0.5,25.0
Cu-6Ni-1.4Si-0.15Mg-0.1Cr,Cu-Ni-Si alloys,92.35,0.0,0.1,0.15,6.0,1.4,1243.0,673.0,0.75,26.0
Cu-6Ni-1.4Si-0.15Mg-0.1Cr,Cu-Ni-Si alloys,92.35,0.0,0.1,0.15,6.0,1.4,1243.0,673.0,1.25,28.0
Cu-6Ni-1.4Si-0.15Mg-0.1Cr,Cu-Ni-Si alloys,92.35,0.0,0.1,0.15,6.0,1.4,1243.0,673.0,2.0,30.0
Cu-6Ni-1.4Si-0.15Mg-0.1Cr,Cu-Ni-Si alloys,92.35,0.0,0.1,0.15,6.0,1.4,1243.0,673.0,3.0,31.0
Cu-6Ni-1.4Si-0.15Mg-0.1Cr,Cu-Ni-Si alloys,92.35,0.0,0.1,0.15,6.0,1.4,1243.0,673.0,4.5,33.0
Cu-6Ni-1.4Si-0.15Mg-0.1Cr,Cu-Ni-Si alloys,92.35,0.0,0.1,0.15,6.0,1.4,1243.0,673.0,6.0,33.0
Cu-6Ni-1.4Si-0.15Mg-0.1Cr,Cu-Ni-Si alloys,92.35,0.0,0.1,0.15,6.0,1.4,1243.0,673.0,8.0,34.0
Cu-6Ni-1.4Si-0.15Mg-0.1Cr,Cu-Ni-Si alloys,92.35,0.0,0.1,0.15,6.0,1.4,1243.0,673.0,10.0,34.0
Cu-6Ni-1.4Si-0.15Mg-0.1Cr,Cu-Ni-Si alloys,92.35,0.0,0.1,0.15,6.0,1.4,1243.0,673.0,12.0,34.0
Cu-6Ni-1.4Si-0.15Mg-0.1Cr,Cu-Ni-Si alloys,92.35,0.0,0.1,0.15,6.0,1.4,1243.0,673.0,14.0,34.0
Cu-6Ni-1.4Si-0.15Mg-0.1Cr,Cu-Ni-Si alloys,92.35,0.0,0.1,0.15,6.0,1.4,1243.0,673.0,16.0,35.0
Cu-6Ni-1.4Si-0.15Mg-0.1Cr,Cu-Ni-Si alloys,92.35,0.0,0.1,0.15,6.0,1.4,1243.0,673.0,18.0,35.0
Cu-6Ni-1.4Si-0.15Mg-0.1Cr,Cu-Ni-Si alloys,92.35,0.0,0.1,0.15,6.0,1.4,1243.0,673.0,20.0,35.0
Cu-6Ni-1.4Si-0.15Mg-0.1Cr,Cu-Ni-Si alloys,92.35,0.0,0.1,0.15,6.0,1.4,1243.0,723.0,0.167,27.0
Cu-6Ni-1.4Si-0.15Mg-0.1Cr,Cu-Ni-Si alloys,92.35,0.0,0.1,0.15,6.0,1.4,1243.0,723.0,0.333,30.0
Cu-6Ni-1.4Si-0.15Mg-0.1Cr,Cu-Ni-Si alloys,92.35,0.0,0.1,0.15,6.0,1.4,1243.0,723.0,0.5,31.0
Cu-6Ni-1.4Si-0.15Mg-0.1Cr,Cu-Ni-Si alloys,92.35,0.0,0.1,0.15,6.0,1.4,1243.0,723.0,0.75,32.0
Cu-6Ni-1.4Si-0.15Mg-0.1Cr,Cu-Ni-Si alloys,92.35,0.0,0.1,0.15,6.0,1.4,1243.0,723.0,1.0,33.0
Cu-6Ni-1.4Si-0.15Mg-0.1Cr,Cu-Ni-Si alloys,92.35,0.0,0.1,0.15,6.0,1.4,1243.0,723.0,1.5,33.0
Cu-6Ni-1.4Si-0.15Mg-0.1Cr,Cu-Ni-Si alloys,92.35,0.0,0.1,0.15,6.0,1.4,1243.0,723.0,2.0,35.0
Cu-6Ni-1.4Si-0.15Mg-0.1Cr,Cu-Ni-Si alloys,92.35,0.0,0.1,0.15,6.0,1.4,1243.0,723.0,3.0,35.0
Cu-6Ni-1.4Si-0.15Mg-0.1Cr,Cu-Ni-Si alloys,92.35,0.0,0.1,0.15,6.0,1.4,1243.0,723.0,4.0,36.0
Cu-6Ni-1.4Si-0.15Mg-0.1Cr,Cu-Ni-Si alloys,92.35,0.0,0.1,0.15,6.0,1.4,1243.0,723.0,5.0,36.0
Cu-6Ni-1.4Si-0.15Mg-0.1Cr,Cu-Ni-Si alloys,92.35,0.0,0.1,0.15,6.0,1.4,1243.0,723.0,6.0,37.0
Cu-6Ni-1.4Si-0.15Mg-0.1Cr,Cu-Ni-Si alloys,92.35,0.0,0.1,0.15,6.0,1.4,1243.0,723.0,9.0,38.0
Cu-6Ni-1.4Si-0.15Mg-0.1Cr,Cu-Ni-Si alloys,92.35,0.0,0.1,0.15,6.0,1.4,1243.0,723.0,11.0,38.0
Cu-6Ni-1.4Si-0.15Mg-0.1Cr,Cu-Ni-Si alloys,92.35,0.0,0.1,0.15,6.0,1.4,1243.0,723.0,13.0,38.0
Cu-6Ni-1.4Si-0.15Mg-0.1Cr,Cu-Ni-Si alloys,92.35,0.0,0.1,0.15,6.0,1.4,1243.0,723.0,15.0,38.0
Cu-6Ni-1.4Si-0.15Mg-0.1Cr,Cu-Ni-Si alloys,92.35,0.0,0.1,0.15,6.0,1.4,1243.0,723.0,17.0,38.0
Cu-6Ni-1.4Si-0.15Mg-0.1Cr,Cu-Ni-Si alloys,92.35,0.0,0.1,0.15,6.0,1.4,1243.0,723.0,19.0,39.0
Cu-6Ni-1.4Si-0.15Mg-0.1Cr,Cu-Ni-Si alloys,92.35,0.0,0.1,0.15,6.0,1.4,1243.0,723.0,21.0,39.0
Cu-6Ni-1.4Si-0.15Mg-0.1Cr,Cu-Ni-Si alloys,92.35,0.0,0.1,0.15,6.0,1.4,1243.0,723.0,23.0,39.0
Cu-6Ni-1.4Si-0.15Mg-0.1Cr,Cu-Ni-Si alloys,92.35,0.0,0.1,0.15,6.0,1.4,1243.0,773.0,0.167,30.0
Cu-6Ni-1.4Si-0.15Mg-0.1Cr,Cu-Ni-Si alloys,92.35,0.0,0.1,0.15,6.0,1.4,1243.0,773.0,0.333,32.0
Cu-6Ni-1.4Si-0.15Mg-0.1Cr,Cu-Ni-Si alloys,92.35,0.0,0.1,0.15,6.0,1.4,1243.0,773.0,0.5,33.0
Cu-6Ni-1.4Si-0.15Mg-0.1Cr,Cu-Ni-Si alloys,92.35,0.0,0.1,0.15,6.0,1.4,1243.0,773.0,0.75,34.0
Cu-6Ni-1.4Si-0.15Mg-0.1Cr,Cu-Ni-Si alloys,92.35,0.0,0.1,0.15,6.0,1.4,1243.0,773.0,1.0,34.0
Cu-6Ni-1.4Si-0.15Mg-0.1Cr,Cu-Ni-Si alloys,92.35,0.0,0.1,0.15,6.0,1.4,1243.0,773.0,1.5,35.0
Cu-6Ni-1.4Si-0.15Mg-0.1Cr,Cu-Ni-Si alloys,92.35,0.0,0.1,0.15,6.0,1.4,1243.0,773.0,2.0,36.0
Cu-6Ni-1.4Si-0.15Mg-0.1Cr,Cu-Ni-Si alloys,92.35,0.0,0.1,0.15,6.0,1.4,1243.0,773.0,3.0,37.0
Cu-6Ni-1.4Si-0.15Mg-0.1Cr,Cu-Ni-Si alloys,92.35,0.0,0.1,0.15,6.0,1.4,1243.0,773.0,4.0,38.0
Cu-6Ni-1.4Si-0.15Mg-0.1Cr,Cu-Ni-Si alloys,92.35,0.0,0.1,0.15,6.0,1.4,1243.0,773.0,6.0,38.0
Cu-6Ni-1.4Si-0.15Mg-0.1Cr,Cu-Ni-Si alloys,92.35,0.0,0.1,0.15,6.0,1.4,1243.0,773.0,8.0,38.0
Cu-6Ni-1.4Si-0.15Mg-0.1Cr,Cu-Ni-Si alloys,92.35,0.0,0.1,0.15,6.0,1.4,1243.0,773.0,10.0,39.0
Cu-6Ni-1.4Si-0.15Mg-0.1Cr,Cu-Ni-Si alloys,92.35,0.0,0.1,0.15,6.0,1.4,1243.0,773.0,12.0,39.0
Cu-6Ni-1.4Si-0.15Mg-0.1Cr,Cu-Ni-Si alloys,92.35,0.0,0.1,0.15,6.0,1.4,1243.0,773.0,14.0,40.0
Cu-6Ni-1.4Si-0.15Mg-0.1Cr,Cu-Ni-Si alloys,92.35,0.0,0.1,0.15,6.0,1.4,1243.0,773.0,16.0,40.0
Cu-6Ni-1.4Si-0.15Mg-0.1Cr,Cu-Ni-Si alloys,92.35,0.0,0.1,0.15,6.0,1.4,1243.0,723.0,0.167,26.0
Cu-6Ni-1.4Si-0.15Mg-0.1Cr,Cu-Ni-Si alloys,92.35,0.0,0.1,0.15,6.0,1.4,1243.0,723.0,0.333,27.0
Cu-6Ni-1.4Si-0.15Mg-0.1Cr,Cu-Ni-Si alloys,92.35,0.0,0.1,0.15,6.0,1.4,1243.0,723.0,0.5,29.0
Cu-6Ni-1.4Si-0.15Mg-0.1Cr,Cu-Ni-Si alloys,92.35,0.0,0.1,0.15,6.0,1.4,1243.0,723.0,1.0,29.0
Cu-6Ni-1.4Si-0.15Mg-0.1Cr,Cu-Ni-Si alloys,92.35,0.0,0.1,0.15,6.0,1.4,1243.0,723.0,1.5,32.0
Cu-6Ni-1.4Si-0.15Mg-0.1Cr,Cu-Ni-Si alloys,92.35,0.0,0.1,0.15,6.0,1.4,1243.0,723.0,2.0,33.0
Cu-6Ni-1.4Si-0.15Mg-0.1Cr,Cu-Ni-Si alloys,92.35,0.0,0.1,0.15,6.0,1.4,1243.0,723.0,3.0,34.0
Cu-6Ni-1.4Si-0.15Mg-0.1Cr,Cu-Ni-Si alloys,92.35,0.0,0.1,0.15,6.0,1.4,1243.0,723.0,4.0,35.0
Cu-6Ni-1.4Si-0.15Mg-0.1Cr,Cu-Ni-Si alloys,92.35,0.0,0.1,0.15,6.0,1.4,1243.0,723.0,5.0,37.0
Cu-6Ni-1.4Si-0.15Mg-0.1Cr,Cu-Ni-Si alloys,92.35,0.0,0.1,0.15,6.0,1.4,1243.0,723.0,7.0,38.0
Cu-6Ni-1.4Si-0.15Mg-0.1Cr,Cu-Ni-Si alloys,92.35,0.0,0.1,0.15,6.0,1.4,1243.0,723.0,9.0,39.0
Cu-6Ni-1.4Si-0.15Mg-0.1Cr,Cu-Ni-Si alloys,92.35,0.0,0.1,0.15,6.0,1.4,1243.0,723.0,11.0,40.0
Cu-6Ni-1.4Si-0.15Mg-0.1Cr,Cu-Ni-Si alloys,92.35,0.0,0.1,0.15,6.0,1.4,1243.0,723.0,13.0,40.0
Cu-6Ni-1.4Si-0.15Mg-0.1Cr,Cu-Ni-Si alloys,92.35,0.0,0.1,0.15,6.0,1.4,1243.0,723.0,15.0,41.0
Cu-6Ni-1.4Si-0.15Mg-0.1Cr,Cu-Ni-Si alloys,92.35,0.0,0.1,0.15,6.0,1.4,1243.0,723.0,17.0,42.0
Cu-6Ni-1.4Si-0.15Mg-0.1Cr,Cu-Ni-Si alloys,92.35,0.0,0.1,0.15,6.0,1.4,1243.0,723.0,20.0,43.0
Cu-6Ni-1.4Si-0.15Mg-0.1Cr,Cu-Ni-Si alloys,92.35,0.0,0.1,0.15,6.0,1.4,1243.0,723.0,23.0,43.0
Cu-6Ni-1.4Si-0.15Mg-0.1Cr,Cu-Ni-Si alloys,92.35,0.0,0.1,0.15,6.0,1.4,1243.0,723.0,27.0,43.0
Cu-6Ni-1.4Si-0.15Mg-0.1Cr,Cu-Ni-Si alloys,92.35,0.0,0.1,0.15,6.0,1.4,1243.0,723.0,0.167,30.0
Cu-6Ni-1.4Si-0.15Mg-0.1Cr,Cu-Ni-Si alloys,92.35,0.0,0.1,0.15,6.0,1.4,1243.0,723.0,0.333,32.0
Cu-6Ni-1.4Si-0.15Mg-0.1Cr,Cu-Ni-Si alloys,92.35,0.0,0.1,0.15,6.0,1.4,1243.0,723.0,0.5,33.0
Cu-6Ni-1.4Si-0.15Mg-0.1Cr,Cu-Ni-Si alloys,92.35,0.0,0.1,0.15,6.0,1.4,1243.0,723.0,0.667,34.0
Cu-6Ni-1.4Si-0.15Mg-0.1Cr,Cu-Ni-Si alloys,92.35,0.0,0.1,0.15,6.0,1.4,1243.0,723.0,1.0,35.0
Cu-6Ni-1.4Si-0.15Mg-0.1Cr,Cu-Ni-Si alloys,92.35,0.0,0.1,0.15,6.0,1.4,1243.0,723.0,1.5,36.0
Cu-6Ni-1.4Si-0.15Mg-0.1Cr,Cu-Ni-Si alloys,92.35,0.0,0.1,0.15,6.0,1.4,1243.0,723.0,2.0,37.0
Cu-6Ni-1.4Si-0.15Mg-0.1Cr,Cu-Ni-Si alloys,92.35,0.0,0.1,0.15,6.0,1.4,1243.0,723.0,3.0,38.0
Cu-6Ni-1.4Si-0.15Mg-0.1Cr,Cu-Ni-Si alloys,92.35,0.0,0.1,0.15,6.0,1.4,1243.0,723.0,4.0,40.0
Cu-6Ni-1.4Si-0.15Mg-0.1Cr,Cu-Ni-Si alloys,92.35,0.0,0.1,0.15,6.0,1.4,1243.0,723.0,5.0,41.0
Cu-6Ni-1.4Si-0.15Mg-0.1Cr,Cu-Ni-Si alloys,92.35,0.0,0.1,0.15,6.0,1.4,1243.0,723.0,7.0,41.0
Cu-6Ni-1.4Si-0.15Mg-0.1Cr,Cu-Ni-Si alloys,92.35,0.0,0.1,0.15,6.0,1.4,1243.0,723.0,9.0,43.0
Cu-6Ni-1.4Si-0.15Mg-0.1Cr,Cu-Ni-Si alloys,92.35,0.0,0.1,0.15,6.0,1.4,1243.0,723.0,11.0,44.0
Cu-6Ni-1.4Si-0.15Mg-0.1Cr,Cu-Ni-Si alloys,92.35,0.0,0.1,0.15,6.0,1.4,1243.0,723.0,13.0,44.0
Cu-6Ni-1.4Si-0.15Mg-0.1Cr,Cu-Ni-Si alloys,92.35,0.0,0.1,0.15,6.0,1.4,1243.0,723.0,15.0,45.0
Cu-6Ni-1.4Si-0.15Mg-0.1Cr,Cu-Ni-Si alloys,92.35,0.0,0.1,0.15,6.0,1.4,1243.0,723.0,17.0,46.0
Cu-6Ni-1.4Si-0.15Mg-0.1Cr,Cu-Ni-Si alloys,92.35,0.0,0.1,0.15,6.0,1.4,1243.0,723.0,20.0,46.0
Cu-6Ni-1.4Si-0.15Mg-0.1Cr,Cu-Ni-Si alloys,92.35,0.0,0.1,0.15,6.0,1.4,1243.0,723.0,23.0,47.0
Cu-6Ni-1.4Si-0.15Mg-0.1Cr,Cu-Ni-Si alloys,92.35,0.0,0.1,0.15,6.0,1.4,1243.0,723.0,26.0,47.0
Cu-6Ni-1.4Si-0.15Mg-0.1Cr,Cu-Ni-Si alloys,92.35,0.0,0.1,0.15,6.0,1.4,1243.0,723.0,30.0,47.0
Cu-6Ni-1.0Si-0.5Al-0.15Mg-0.1Cr,Cu-Ni-Si alloys,92.25,0.5,0.1,0.15,6.0,1.0,1243.0,673.0,0.5,20.0
Cu-6Ni-1.0Si-0.5Al-0.15Mg-0.1Cr,Cu-Ni-Si alloys,92.25,0.5,0.1,0.15,6.0,1.0,1243.0,673.0,1.0,23.0
Cu-6Ni-1.0Si-0.5Al-0.15Mg-0.1Cr,Cu-Ni-Si alloys,92.25,0.5,0.1,0.15,6.0,1.0,1243.0,673.0,2.0,25.0
Cu-6Ni-1.0Si-0.5Al-0.15Mg-0.1Cr,Cu-Ni-Si alloys,92.25,0.5,0.1,0.15,6.0,1.0,1243.0,673.0,3.0,26.0
Cu-6Ni-1.0Si-0.5Al-0.15Mg-0.1Cr,Cu-Ni-Si alloys,92.25,0.5,0.1,0.15,6.0,1.0,1243.0,673.0,4.5,27.0
Cu-6Ni-1.0Si-0.5Al-0.15Mg-0.1Cr,Cu-Ni-Si alloys,92.25,0.5,0.1,0.15,6.0,1.0,1243.0,673.0,6.0,28.0
Cu-6Ni-1.0Si-0.5Al-0.15Mg-0.1Cr,Cu-Ni-Si alloys,92.25,0.5,0.1,0.15,6.0,1.0,1243.0,673.0,8.0,28.0
Cu-6Ni-1.0Si-0.5Al-0.15Mg-0.1Cr,Cu-Ni-Si alloys,92.25,0.5,0.1,0.15,6.0,1.0,1243.0,673.0,10.0,29.0
Cu-6Ni-1.0Si-0.5Al-0.15Mg-0.1Cr,Cu-Ni-Si alloys,92.25,0.5,0.1,0.15,6.0,1.0,1243.0,673.0,12.0,29.0
Cu-6Ni-1.0Si-0.5Al-0.15Mg-0.1Cr,Cu-Ni-Si alloys,92.25,0.5,0.1,0.15,6.0,1.0,1243.0,673.0,14.0,30.0
Cu-6Ni-1.0Si-0.5Al-0.15Mg-0.1Cr,Cu-Ni-Si alloys,92.25,0.5,0.1,0.15,6.0,1.0,1243.0,673.0,16.0,31.0
Cu-6Ni-1.0Si-0.5Al-0.15Mg-0.1Cr,Cu-Ni-Si alloys,92.25,0.5,0.1,0.15,6.0,1.0,1243.0,673.0,18.0,31.0
Cu-6Ni-1.0Si-0.5Al-0.15Mg-0.1Cr,Cu-Ni-Si alloys,92.25,0.5,0.1,0.15,6.0,1.0,1243.0,673.0,20.0,31.0
Cu-6Ni-1.0Si-0.5Al-0.15Mg-0.1Cr,Cu-Ni-Si alloys,92.25,0.5,0.1,0.15,6.0,1.0,1243.0,723.0,0.167,19.0
Cu-6Ni-1.0Si-0.5Al-0.15Mg-0.1Cr,Cu-Ni-Si alloys,92.25,0.5,0.1,0.15,6.0,1.0,1243.0,723.0,0.5,23.0
Cu-6Ni-1.0Si-0.5Al-0.15Mg-0.1Cr,Cu-Ni-Si alloys,92.25,0.5,0.1,0.15,6.0,1.0,1243.0,723.0,1.0,26.0
Cu-6Ni-1.0Si-0.5Al-0.15Mg-0.1Cr,Cu-Ni-Si alloys,92.25,0.5,0.1,0.15,6.0,1.0,1243.0,723.0,2.0,28.0
Cu-6Ni-1.0Si-0.5Al-0.15Mg-0.1Cr,Cu-Ni-Si alloys,92.25,0.5,0.1,0.15,6.0,1.0,1243.0,723.0,3.0,30.0
Cu-6Ni-1.0Si-0.5Al-0.15Mg-0.1Cr,Cu-Ni-Si alloys,92.25,0.5,0.1,0.15,6.0,1.0,1243.0,723.0,4.5,31.0
Cu-6Ni-1.0Si-0.5Al-0.15Mg-0.1Cr,Cu-Ni-Si alloys,92.25,0.5,0.1,0.15,6.0,1.0,1243.0,723.0,6.0,32.0
Cu-6Ni-1.0Si-0.5Al-0.15Mg-0.1Cr,Cu-Ni-Si alloys,92.25,0.5,0.1,0.15,6.0,1.0,1243.0,723.0,8.0,33.0
Cu-6Ni-1.0Si-0.5Al-0.15Mg-0.1Cr,Cu-Ni-Si alloys,92.25,0.5,0.1,0.15,6.0,1.0,1243.0,723.0,10.0,34.0
Cu-6Ni-1.0Si-0.5Al-0.15Mg-0.1Cr,Cu-Ni-Si alloys,92.25,0.5,0.1,0.15,6.0,1.0,1243.0,723.0,12.0,34.0
Cu-6Ni-1.0Si-0.5Al-0.15Mg-0.1Cr,Cu-Ni-Si alloys,92.25,0.5,0.1,0.15,6.0,1.0,1243.0,723.0,14.0,34.0
Cu-6Ni-1.0Si-0.5Al-0.15Mg-0.1Cr,Cu-Ni-Si alloys,92.25,0.5,0.1,0.15,6.0,1.0,1243.0,723.0,16.0,35.0
Cu-6Ni-1.0Si-0.5Al-0.15Mg-0.1Cr,Cu-Ni-Si alloys,92.25,0.5,0.1,0.15,6.0,1.0,1243.0,723.0,18.0,35.0
Cu-6Ni-1.0Si-0.5Al-0.15Mg-0.1Cr,Cu-Ni-Si alloys,92.25,0.5,0.1,0.15,6.0,1.0,1243.0,723.0,20.0,35.0
Cu-6Ni-1.0Si-0.5Al-0.15Mg-0.1Cr,Cu-Ni-Si alloys,92.25,0.5,0.1,0.15,6.0,1.0,1243.0,773.0,0.167,20.0
Cu-6Ni-1.0Si-0.5Al-0.15Mg-0.1Cr,Cu-Ni-Si alloys,92.25,0.5,0.1,0.15,6.0,1.0,1243.0,773.0,0.5,27.0
Cu-6Ni-1.0Si-0.5Al-0.15Mg-0.1Cr,Cu-Ni-Si alloys,92.25,0.5,0.1,0.15,6.0,1.0,1243.0,773.0,1.0,31.0
Cu-6Ni-1.0Si-0.5Al-0.15Mg-0.1Cr,Cu-Ni-Si alloys,92.25,0.5,0.1,0.15,6.0,1.0,1243.0,773.0,2.0,32.0
Cu-6Ni-1.0Si-0.5Al-0.15Mg-0.1Cr,Cu-Ni-Si alloys,92.25,0.5,0.1,0.15,6.0,1.0,1243.0,773.0,3.0,34.0
Cu-6Ni-1.0Si-0.5Al-0.15Mg-0.1Cr,Cu-Ni-Si alloys,92.25,0.5,0.1,0.15,6.0,1.0,1243.0,773.0,4.5,34.0
Cu-6Ni-1.0Si-0.5Al-0.15Mg-0.1Cr,Cu-Ni-Si alloys,92.25,0.5,0.1,0.15,6.0,1.0,1243.0,773.0,6.0,35.0
Cu-6Ni-1.0Si-0.5Al-0.15Mg-0.1Cr,Cu-Ni-Si alloys,92.25,0.5,0.1,0.15,6.0,1.0,1243.0,773.0,8.0,35.0
Cu-6Ni-1.0Si-0.5Al-0.15Mg-0.1Cr,Cu-Ni-Si alloys,92.25,0.5,0.1,0.15,6.0,1.0,1243.0,773.0,10.0,35.0
Cu-6Ni-1.0Si-0.5Al-0.15Mg-0.1Cr,Cu-Ni-Si alloys,92.25,0.5,0.1,0.15,6.0,1.0,1243.0,773.0,12.0,36.0
Cu-6Ni-1.0Si-0.5Al-0.15Mg-0.1Cr,Cu-Ni-Si alloys,92.25,0.5,0.1,0.15,6.0,1.0,1243.0,773.0,14.0,37.0
Cu-6Ni-1.0Si-0.5Al-0.15Mg-0.1Cr,Cu-Ni-Si alloys,92.25,0.5,0.1,0.15,6.0,1.0,1243.0,773.0,16.0,37.0
Cu-6Ni-1.0Si-0.5Al-0.15Mg-0.1Cr,Cu-Ni-Si alloys,92.25,0.5,0.1,0.15,6.0,1.0,1243.0,773.0,18.0,38.0
Cu-6Ni-1.0Si-0.5Al-0.15Mg-0.1Cr,Cu-Ni-Si alloys,92.25,0.5,0.1,0.15,6.0,1.0,1243.0,773.0,20.0,38.0
Cu-6Ni-1.0Si-0.5Al-0.15Mg-0.1Cr,Cu-Ni-Si alloys,92.25,0.5,0.1,0.15,6.0,1.0,1243.0,723.0,0.167,20.0
Cu-6Ni-1.0Si-0.5Al-0.15Mg-0.1Cr,Cu-Ni-Si alloys,92.25,0.5,0.1,0.15,6.0,1.0,1243.0,723.0,0.5,23.0
Cu-6Ni-1.0Si-0.5Al-0.15Mg-0.1Cr,Cu-Ni-Si alloys,92.25,0.5,0.1,0.15,6.0,1.0,1243.0,723.0,0.667,26.0
Cu-6Ni-1.0Si-0.5Al-0.15Mg-0.1Cr,Cu-Ni-Si alloys,92.25,0.5,0.1,0.15,6.0,1.0,1243.0,723.0,1.0,28.0
Cu-6Ni-1.0Si-0.5Al-0.15Mg-0.1Cr,Cu-Ni-Si alloys,92.25,0.5,0.1,0.15,6.0,1.0,1243.0,723.0,1.5,29.0
Cu-6Ni-1.0Si-0.5Al-0.15Mg-0.1Cr,Cu-Ni-Si alloys,92.25,0.5,0.1,0.15,6.0,1.0,1243.0,723.0,2.0,29.0
Cu-6Ni-1.0Si-0.5Al-0.15Mg-0.1Cr,Cu-Ni-Si alloys,92.25,0.5,0.1,0.15,6.0,1.0,1243.0,723.0,3.0,30.0
Cu-6Ni-1.0Si-0.5Al-0.15Mg-0.1Cr,Cu-Ni-Si alloys,92.25,0.5,0.1,0.15,6.0,1.0,1243.0,723.0,4.0,30.0
Cu-6Ni-1.0Si-0.5Al-0.15Mg-0.1Cr,Cu-Ni-Si alloys,92.25,0.5,0.1,0.15,6.0,1.0,1243.0,723.0,5.0,31.0
Cu-6Ni-1.0Si-0.5Al-0.15Mg-0.1Cr,Cu-Ni-Si alloys,92.25,0.5,0.1,0.15,6.0,1.0,1243.0,723.0,7.0,31.0
Cu-6Ni-1.0Si-0.5Al-0.15Mg-0.1Cr,Cu-Ni-Si alloys,92.25,0.5,0.1,0.15,6.0,1.0,1243.0,723.0,9.0,31.0
Cu-6Ni-1.0Si-0.5Al-0.15Mg-0.1Cr,Cu-Ni-Si alloys,92.25,0.5,0.1,0.15,6.0,1.0,1243.0,723.0,11.0,32.0
Cu-6Ni-1.0Si-0.5Al-0.15Mg-0.1Cr,Cu-Ni-Si alloys,92.25,0.5,0.1,0.15,6.0,1.0,1243.0,723.0,13.0,33.0
Cu-6Ni-1.0Si-0.5Al-0.15Mg-0.1Cr,Cu-Ni-Si alloys,92.25,0.5,0.1,0.15,6.0,1.0,1243.0,723.0,15.0,33.0
Cu-6Ni-1.0Si-0.5Al-0.15Mg-0.1Cr,Cu-Ni-Si alloys,92.25,0.5,0.1,0.15,6.0,1.0,1243.0,723.0,17.0,33.0
Cu-6Ni-1.0Si-0.5Al-0.15Mg-0.1Cr,Cu-Ni-Si alloys,92.25,0.5,0.1,0.15,6.0,1.0,1243.0,723.0,20.0,33.0
Cu-6Ni-1.0Si-0.5Al-0.15Mg-0.1Cr,Cu-Ni-Si alloys,92.25,0.5,0.1,0.15,6.0,1.0,1243.0,723.0,23.0,33.0
Cu-6Ni-1.0Si-0.5Al-0.15Mg-0.1Cr,Cu-Ni-Si alloys,92.25,0.5,0.1,0.15,6.0,1.0,1243.0,723.0,27.0,34.0
Cu-6Ni-1.0Si-0.5Al-0.15Mg-0.1Cr,Cu-Ni-Si alloys,92.25,0.5,0.1,0.15,6.0,1.0,1243.0,723.0,0.167,24.0
Cu-6Ni-1.0Si-0.5Al-0.15Mg-0.1Cr,Cu-Ni-Si alloys,92.25,0.5,0.1,0.15,6.0,1.0,1243.0,723.0,0.333,27.0
Cu-6Ni-1.0Si-0.5Al-0.15Mg-0.1Cr,Cu-Ni-Si alloys,92.25,0.5,0.1,0.15,6.0,1.0,1243.0,723.0,0.5,28.0
Cu-6Ni-1.0Si-0.5Al-0.15Mg-0.1Cr,Cu-Ni-Si alloys,92.25,0.5,0.1,0.15,6.0,1.0,1243.0,723.0,0.667,29.0
Cu-6Ni-1.0Si-0.5Al-0.15Mg-0.1Cr,Cu-Ni-Si alloys,92.25,0.5,0.1,0.15,6.0,1.0,1243.0,723.0,1.0,29.0
Cu-6Ni-1.0Si-0.5Al-0.15Mg-0.1Cr,Cu-Ni-Si alloys,92.25,0.5,0.1,0.15,6.0,1.0,1243.0,723.0,1.5,30.0
Cu-6Ni-1.0Si-0.5Al-0.15Mg-0.1Cr,Cu-Ni-Si alloys,92.25,0.5,0.1,0.15,6.0,1.0,1243.0,723.0,2.0,31.0
Cu-6Ni-1.0Si-0.5Al-0.15Mg-0.1Cr,Cu-Ni-Si alloys,92.25,0.5,0.1,0.15,6.0,1.0,1243.0,723.0,3.0,31.0
Cu-6Ni-1.0Si-0.5Al-0.15Mg-0.1Cr,Cu-Ni-Si alloys,92.25,0.5,0.1,0.15,6.0,1.0,1243.0,723.0,4.0,32.0
Cu-6Ni-1.0Si-0.5Al-0.15Mg-0.1Cr,Cu-Ni-Si alloys,92.25,0.5,0.1,0.15,6.0,1.0,1243.0,723.0,5.0,32.0
Cu-6Ni-1.0Si-0.5Al-0.15Mg-0.1Cr,Cu-Ni-Si alloys,92.25,0.5,0.1,0.15,6.0,1.0,1243.0,723.0,7.0,33.0
Cu-6Ni-1.0Si-0.5Al-0.15Mg-0.1Cr,Cu-Ni-Si alloys,92.25,0.5,0.1,0.15,6.0,1.0,1243.0,723.0,9.0,33.0
Cu-6Ni-1.0Si-0.5Al-0.15Mg-0.1Cr,Cu-Ni-Si alloys,92.25,0.5,0.1,0.15,6.0,1.0,1243.0,723.0,11.0,34.0
Cu-6Ni-1.0Si-0.5Al-0.15Mg-0.1Cr,Cu-Ni-Si alloys,92.25,0.5,0.1,0.15,6.0,1.0,1243.0,723.0,13.0,34.0
Cu-6Ni-1.0Si-0.5Al-0.15Mg-0.1Cr,Cu-Ni-Si alloys,92.25,0.5,0.1,0.15,6.0,1.0,1243.0,723.0,15.0,35.0
Cu-6Ni-1.0Si-0.5Al-0.15Mg-0.1Cr,Cu-Ni-Si alloys,92.25,0.5,0.1,0.15,6.0,1.0,1243.0,723.0,17.0,35.0
Cu-6Ni-1.0Si-0.5Al-0.15Mg-0.1Cr,Cu-Ni-Si alloys,92.25,0.5,0.1,0.15,6.0,1.0,1243.0,723.0,20.0,35.0
Cu-6Ni-1.0Si-0.5Al-0.15Mg-0.1Cr,Cu-Ni-Si alloys,92.25,0.5,0.1,0.15,6.0,1.0,1243.0,723.0,23.0,35.0
Cu-6Ni-1.0Si-0.5Al-0.15Mg-0.1Cr,Cu-Ni-Si alloys,92.25,0.5,0.1,0.15,6.0,1.0,1243.0,723.0,27.0,36.0
Cu-6Ni-1Si-0.5Al-0.15Mg-0.1Cr,Cu-Ni-Si alloys,92.25,0.5,0.1,0.15,6.0,1.0,1243.0,723.0,0.5,24.0
Cu-6Ni-1Si-0.5Al-0.15Mg-0.1Cr,Cu-Ni-Si alloys,92.25,0.5,0.1,0.15,6.0,1.0,1243.0,723.0,1.0,26.0
Cu-6Ni-1Si-0.5Al-0.15Mg-0.1Cr,Cu-Ni-Si alloys,92.25,0.5,0.1,0.15,6.0,1.0,1243.0,723.0,2.0,27.0
Cu-6Ni-1Si-0.5Al-0.15Mg-0.1Cr,Cu-Ni-Si alloys,92.25,0.5,0.1,0.15,6.0,1.0,1243.0,723.0,5.0,29.0
Cu-6Ni-1Si-0.5Al-0.15Mg-0.1Cr,Cu-Ni-Si alloys,92.25,0.5,0.1,0.15,6.0,1.0,1243.0,723.0,8.0,30.0
Cu-6Ni-1Si-0.5Al-0.15Mg-0.1Cr,Cu-Ni-Si alloys,92.25,0.5,0.1,0.15,6.0,1.0,1243.0,723.0,9.0,30.0
Cu-6Ni-1Si-0.5Al-0.15Mg-0.1Cr,Cu-Ni-Si alloys,92.25,0.5,0.1,0.15,6.0,1.0,1243.0,723.0,17.0,31.0
Cu-6Ni-1Si-0.5Al-0.15Mg-0.1Cr,Cu-Ni-Si alloys,92.25,0.5,0.1,0.15,6.0,1.0,1243.0,723.0,20.0,31.0
Cu-6Ni-1Si-0.5Al-0.15Mg-0.1Cr,Cu-Ni-Si alloys,92.25,0.5,0.1,0.15,6.0,1.0,1243.0,773.0,0.5,26.0
Cu-6Ni-1Si-0.5Al-0.15Mg-0.1Cr,Cu-Ni-Si alloys,92.25,0.5,0.1,0.15,6.0,1.0,1243.0,773.0,1.0,28.0
Cu-6Ni-1Si-0.5Al-0.15Mg-0.1Cr,Cu-Ni-Si alloys,92.25,0.5,0.1,0.15,6.0,1.0,1243.0,773.0,2.0,30.0
Cu-6Ni-1Si-0.5Al-0.15Mg-0.1Cr,Cu-Ni-Si alloys,92.25,0.5,0.1,0.15,6.0,1.0,1243.0,773.0,5.0,31.0
Cu-6Ni-1Si-0.5Al-0.15Mg-0.1Cr,Cu-Ni-Si alloys,92.25,0.5,0.1,0.15,6.0,1.0,1243.0,773.0,8.0,32.0
Cu-6Ni-1Si-0.5Al-0.15Mg-0.1Cr,Cu-Ni-Si alloys,92.25,0.5,0.1,0.15,6.0,1.0,1243.0,773.0,15.0,33.0
Cu-6Ni-1Si-0.5Al-0.15Mg-0.1Cr,Cu-Ni-Si alloys,92.25,0.5,0.1,0.15,6.0,1.0,1243.0,773.0,20.0,33.0
Cu-6Ni-1Si-0.5Al,Cu-Ni-Si alloys,92.25,0.5,0.1,0.15,6.0,1.0,1253.0,723.0,0.2167,25.0
Cu-6Ni-1Si-0.5Al,Cu-Ni-Si alloys,92.25,0.5,0.1,0.15,6.0,1.0,1253.0,673.0,0.17,21.0
Cu-6Ni-1Si-0.5Al,Cu-Ni-Si alloys,92.25,0.5,0.1,0.15,6.0,1.0,1253.0,673.0,0.5,23.0
Cu-6Ni-1Si-0.5Al,Cu-Ni-Si alloys,92.25,0.5,0.1,0.15,6.0,1.0,1253.0,673.0,1.0,23.0
Cu-6Ni-1Si-0.5Al,Cu-Ni-Si alloys,92.25,0.5,0.1,0.15,6.0,1.0,1253.0,673.0,2.0,24.0
Cu-6Ni-1Si-0.5Al,Cu-Ni-Si alloys,92.25,0.5,0.1,0.15,6.0,1.0,1253.0,723.0,0.17,25.0
Cu-6Ni-1Si-0.5Al,Cu-Ni-Si alloys,92.25,0.5,0.1,0.15,6.0,1.0,1253.0,723.0,0.5,26.0
Cu-6Ni-1Si-0.5Al,Cu-Ni-Si alloys,92.25,0.5,0.1,0.15,6.0,1.0,1253.0,723.0,1.0,28.0
Cu-6Ni-1Si-0.5Al,Cu-Ni-Si alloys,92.25,0.5,0.1,0.15,6.0,1.0,1253.0,723.0,2.0,29.0
Cu-6Ni-1Si-0.5Al,Cu-Ni-Si alloys,92.25,0.5,0.1,0.15,6.0,1.0,1253.0,773.0,0.16,28.0
Cu-6Ni-1Si-0.5Al,Cu-Ni-Si alloys,92.25,0.5,0.1,0.15,6.0,1.0,1253.0,773.0,0.5,28.0
Cu-6Ni-1Si-0.5Al,Cu-Ni-Si alloys,92.25,0.5,0.1,0.15,6.0,1.0,1253.0,773.0,1.0,29.0
Cu-6Ni-1Si-0.5Al,Cu-Ni-Si alloys,92.25,0.5,0.1,0.15,6.0,1.0,1253.0,773.0,2.0,30.0
Cu-6Ni-1Si-0.5Al,Cu-Ni-Si alloys,92.25,0.5,0.1,0.15,6.0,1.0,1253.0,673.0,0.17,12.0
Cu-6Ni-1Si-0.5Al,Cu-Ni-Si alloys,92.25,0.5,0.1,0.15,6.0,1.0,1253.0,673.0,0.15,13.0
Cu-6Ni-1Si-0.5Al,Cu-Ni-Si alloys,92.25,0.5,0.1,0.15,6.0,1.0,1253.0,673.0,1.0,13.0
Cu-6Ni-1Si-0.5Al,Cu-Ni-Si alloys,92.25,0.5,0.1,0.15,6.0,1.0,1253.0,673.0,2.0,14.0
Cu-6Ni-1Si-0.5Al,Cu-Ni-Si alloys,92.25,0.5,0.1,0.15,6.0,1.0,1253.0,723.0,0.17,18.0
Cu-6Ni-1Si-0.5Al,Cu-Ni-Si alloys,92.25,0.5,0.1,0.15,6.0,1.0,1253.0,723.0,0.5,18.0
Cu-6Ni-1Si-0.5Al,Cu-Ni-Si alloys,92.25,0.5,0.1,0.15,6.0,1.0,1253.0,723.0,1.0,19.0
Cu-6Ni-1Si-0.5Al,Cu-Ni-Si alloys,92.25,0.5,0.1,0.15,6.0,1.0,1253.0,723.0,2.0,20.0
Cu-6Ni-1Si-0.5Al,Cu-Ni-Si alloys,92.25,0.5,0.1,0.15,6.0,1.0,1253.0,773.0,0.17,17.0
Cu-6Ni-1Si-0.5Al,Cu-Ni-Si alloys,92.25,0.5,0.1,0.15,6.0,1.0,1253.0,773.0,0.5,17.0
Cu-6Ni-1Si-0.5Al,Cu-Ni-Si alloys,92.25,0.5,0.1,0.15,6.0,1.0,1253.0,773.0,1.0,18.0
Cu-6Ni-1Si-0.5Al,Cu-Ni-Si alloys,92.25,0.5,0.1,0.15,6.0,1.0,1253.0,773.0,2.0,18.0
Cu-6Ni-1Si-0.5Al,Cu-Ni-Si alloys,92.25,0.5,0.1,0.15,6.0,1.0,1253.0,673.0,0.17,21.0
Cu-6Ni-1Si-0.5Al,Cu-Ni-Si alloys,92.25,0.5,0.1,0.15,6.0,1.0,1253.0,673.0,0.5,23.0
Cu-6Ni-1Si-0.5Al,Cu-Ni-Si alloys,92.25,0.5,0.1,0.15,6.0,1.0,1253.0,673.0,1.0,24.0
Cu-6Ni-1Si-0.5Al,Cu-Ni-Si alloys,92.25,0.5,0.1,0.15,6.0,1.0,1253.0,673.0,2.0,24.0
Cu-6Ni-1Si-0.5Al,Cu-Ni-Si alloys,92.25,0.5,0.1,0.15,6.0,1.0,1253.0,673.0,3.0,25.0
Cu-6Ni-1Si-0.5Al,Cu-Ni-Si alloys,92.25,0.5,0.1,0.15,6.0,1.0,1253.0,723.0,0.17,25.0
Cu-6Ni-1Si-0.5Al,Cu-Ni-Si alloys,92.25,0.5,0.1,0.15,6.0,1.0,1253.0,723.0,0.5,27.0
Cu-6Ni-1Si-0.5Al,Cu-Ni-Si alloys,92.25,0.5,0.1,0.15,6.0,1.0,1253.0,723.0,1.0,28.0
Cu-6Ni-1Si-0.5Al,Cu-Ni-Si alloys,92.25,0.5,0.1,0.15,6.0,1.0,1253.0,723.0,2.0,29.0
Cu-6Ni-1Si-0.5Al,Cu-Ni-Si alloys,92.25,0.5,0.1,0.15,6.0,1.0,1253.0,723.0,3.0,29.0
Cu-6Ni-1Si-0.5Al,Cu-Ni-Si alloys,92.25,0.5,0.1,0.15,6.0,1.0,1253.0,773.0,0.17,27.0
Cu-6Ni-1Si-0.5Al,Cu-Ni-Si alloys,92.25,0.5,0.1,0.15,6.0,1.0,1253.0,773.0,0.5,29.0
Cu-6Ni-1Si-0.5Al,Cu-Ni-Si alloys,92.25,0.5,0.1,0.15,6.0,1.0,1253.0,773.0,1.0,30.0
Cu-6Ni-1Si-0.5Al,Cu-Ni-Si alloys,92.25,0.5,0.1,0.15,6.0,1.0,1253.0,773.0,2.0,32.0
Cu-6Ni-1Si-0.5Al,Cu-Ni-Si alloys,92.25,0.5,0.1,0.15,6.0,1.0,1253.0,773.0,3.0,32.0
Cu-6Ni-1Si-0.5Al,Cu-Ni-Si alloys,92.25,0.5,0.1,0.15,6.0,1.0,1253.0,673.0,0.083,23.0
Cu-6Ni-1Si-0.5Al,Cu-Ni-Si alloys,92.25,0.5,0.1,0.15,6.0,1.0,1253.0,673.0,0.25,25.0
Cu-6Ni-1Si-0.5Al,Cu-Ni-Si alloys,92.25,0.5,0.1,0.15,6.0,1.0,1253.0,673.0,0.5,28.0
Cu-6Ni-1Si-0.5Al,Cu-Ni-Si alloys,92.25,0.5,0.1,0.15,6.0,1.0,1253.0,673.0,0.75,30.0
Cu-6Ni-1Si-0.5Al,Cu-Ni-Si alloys,92.25,0.5,0.1,0.15,6.0,1.0,1253.0,673.0,1.0,31.0
Cu-6Ni-1Si-0.5Al,Cu-Ni-Si alloys,92.25,0.5,0.1,0.15,6.0,1.0,1253.0,673.0,1.5,33.0
Cu-6Ni-1Si-0.5Al,Cu-Ni-Si alloys,92.25,0.5,0.1,0.15,6.0,1.0,1253.0,673.0,2.0,35.0
Cu-6Ni-1Si-0.5Al,Cu-Ni-Si alloys,92.25,0.5,0.1,0.15,6.0,1.0,1253.0,673.0,3.0,37.0
Cu-6Ni-1Si-0.5Al,Cu-Ni-Si alloys,92.25,0.5,0.1,0.15,6.0,1.0,1253.0,673.0,4.0,39.0
Cu-6Ni-1Si-0.5Al,Cu-Ni-Si alloys,92.25,0.5,0.1,0.15,6.0,1.0,1253.0,673.0,5.0,40.0
Cu-6Ni-1Si-0.5Al,Cu-Ni-Si alloys,92.25,0.5,0.1,0.15,6.0,1.0,1253.0,673.0,6.0,42.0
Cu-6Ni-1Si-0.5Al,Cu-Ni-Si alloys,92.25,0.5,0.1,0.15,6.0,1.0,1253.0,673.0,8.0,46.0
Cu-6Ni-1Si-0.5Al,Cu-Ni-Si alloys,92.25,0.5,0.1,0.15,6.0,1.0,1253.0,723.0,0.083,27.0
Cu-6Ni-1Si-0.5Al,Cu-Ni-Si alloys,92.25,0.5,0.1,0.15,6.0,1.0,1253.0,723.0,0.25,32.0
Cu-6Ni-1Si-0.5Al,Cu-Ni-Si alloys,92.25,0.5,0.1,0.15,6.0,1.0,1253.0,723.0,0.5,36.0
Cu-6Ni-1Si-0.5Al,Cu-Ni-Si alloys,92.25,0.5,0.1,0.15,6.0,1.0,1253.0,723.0,0.75,38.0
Cu-6Ni-1Si-0.5Al,Cu-Ni-Si alloys,92.25,0.5,0.1,0.15,6.0,1.0,1253.0,723.0,1.0,39.0
Cu-6Ni-1Si-0.5Al,Cu-Ni-Si alloys,92.25,0.5,0.1,0.15,6.0,1.0,1253.0,723.0,1.5,42.0
Cu-6Ni-1Si-0.5Al,Cu-Ni-Si alloys,92.25,0.5,0.1,0.15,6.0,1.0,1253.0,723.0,2.0,43.0
Cu-6Ni-1Si-0.5Al,Cu-Ni-Si alloys,92.25,0.5,0.1,0.15,6.0,1.0,1253.0,723.0,3.0,46.0
Cu-6Ni-1Si-0.5Al,Cu-Ni-Si alloys,92.25,0.5,0.1,0.15,6.0,1.0,1253.0,723.0,4.0,49.0
Cu-6Ni-1Si-0.5Al,Cu-Ni-Si alloys,92.25,0.5,0.1,0.15,6.0,1.0,1253.0,723.0,5.0,50.0
Cu-6Ni-1Si-0.5Al,Cu-Ni-Si alloys,92.25,0.5,0.1,0.15,6.0,1.0,1253.0,723.0,6.0,52.0
Cu-6Ni-1Si-0.5Al,Cu-Ni-Si alloys,92.25,0.5,0.1,0.15,6.0,1.0,1253.0,723.0,8.0,55.0
Cu-6Ni-1Si-0.5Al,Cu-Ni-Si alloys,92.25,0.5,0.1,0.15,6.0,1.0,1253.0,773.0,0.083,32.0
Cu-6Ni-1Si-0.5Al,Cu-Ni-Si alloys,92.25,0.5,0.1,0.15,6.0,1.0,1253.0,773.0,0.25,38.0
Cu-6Ni-1Si-0.5Al,Cu-Ni-Si alloys,92.25,0.5,0.1,0.15,6.0,1.0,1253.0,773.0,0.5,41.0
Cu-6Ni-1Si-0.5Al,Cu-Ni-Si alloys,92.25,0.5,0.1,0.15,6.0,1.0,1253.0,773.0,0.75,45.0
Cu-6Ni-1Si-0.5Al,Cu-Ni-Si alloys,92.25,0.5,0.1,0.15,6.0,1.0,1253.0,773.0,1.0,47.0
Cu-6Ni-1Si-0.5Al,Cu-Ni-Si alloys,92.25,0.5,0.1,0.15,6.0,1.0,1253.0,773.0,1.5,51.0
Cu-6Ni-1Si-0.5Al,Cu-Ni-Si alloys,92.25,0.5,0.1,0.15,6.0,1.0,1253.0,773.0,2.0,53.0
Cu-6Ni-1Si-0.5Al,Cu-Ni-Si alloys,92.25,0.5,0.1,0.15,6.0,1.0,1253.0,773.0,3.0,55.0
Cu-6Ni-1Si-0.5Al,Cu-Ni-Si alloys,92.25,0.5,0.1,0.15,6.0,1.0,1253.0,773.0,4.0,55.0
Cu-6Ni-1Si-0.5Al,Cu-Ni-Si alloys,92.25,0.5,0.1,0.15,6.0,1.0,1253.0,773.0,5.0,56.0
Cu-6Ni-1Si-0.5Al,Cu-Ni-Si alloys,92.25,0.5,0.1,0.15,6.0,1.0,1253.0,773.0,6.0,57.0
Cu-6Ni-1Si-0.5Al,Cu-Ni-Si alloys,92.25,0.5,0.1,0.15,6.0,1.0,1253.0,773.0,8.0,56.0
Cu-6Ni-1Si-0.5Al,Cu-Ni-Si alloys,92.25,0.5,0.1,0.15,6.0,1.0,1253.0,673.0,0.083,33.0
Cu-6Ni-1Si-0.5Al,Cu-Ni-Si alloys,92.25,0.5,0.1,0.15,6.0,1.0,1253.0,673.0,0.25,36.0
Cu-6Ni-1Si-0.5Al,Cu-Ni-Si alloys,92.25,0.5,0.1,0.15,6.0,1.0,1253.0,673.0,0.5,39.0
Cu-6Ni-1Si-0.5Al,Cu-Ni-Si alloys,92.25,0.5,0.1,0.15,6.0,1.0,1253.0,673.0,0.75,41.0
Cu-6Ni-1Si-0.5Al,Cu-Ni-Si alloys,92.25,0.5,0.1,0.15,6.0,1.0,1253.0,673.0,1.0,42.0
Cu-6Ni-1Si-0.5Al,Cu-Ni-Si alloys,92.25,0.5,0.1,0.15,6.0,1.0,1253.0,673.0,1.5,47.0
Cu-6Ni-1Si-0.5Al,Cu-Ni-Si alloys,92.25,0.5,0.1,0.15,6.0,1.0,1253.0,673.0,2.0,49.0
Cu-6Ni-1Si-0.5Al,Cu-Ni-Si alloys,92.25,0.5,0.1,0.15,6.0,1.0,1253.0,673.0,3.0,53.0
Cu-6Ni-1Si-0.5Al,Cu-Ni-Si alloys,92.25,0.5,0.1,0.15,6.0,1.0,1253.0,673.0,4.0,55.0
Cu-6Ni-1Si-0.5Al,Cu-Ni-Si alloys,92.25,0.5,0.1,0.15,6.0,1.0,1253.0,673.0,5.0,57.0
Cu-6Ni-1Si-0.5Al,Cu-Ni-Si alloys,92.25,0.5,0.1,0.15,6.0,1.0,1253.0,673.0,6.0,59.0
Cu-6Ni-1Si-0.5Al,Cu-Ni-Si alloys,92.25,0.5,0.1,0.15,6.0,1.0,1253.0,673.0,8.0,61.0
Cu-6Ni-1Si-0.5Al,Cu-Ni-Si alloys,92.25,0.5,0.1,0.15,6.0,1.0,1253.0,723.0,0.083,36.0
Cu-6Ni-1Si-0.5Al,Cu-Ni-Si alloys,92.25,0.5,0.1,0.15,6.0,1.0,1253.0,723.0,0.25,41.0
Cu-6Ni-1Si-0.5Al,Cu-Ni-Si alloys,92.25,0.5,0.1,0.15,6.0,1.0,1253.0,723.0,0.5,46.0
Cu-6Ni-1Si-0.5Al,Cu-Ni-Si alloys,92.25,0.5,0.1,0.15,6.0,1.0,1253.0,723.0,0.75,49.0
Cu-6Ni-1Si-0.5Al,Cu-Ni-Si alloys,92.25,0.5,0.1,0.15,6.0,1.0,1253.0,723.0,1.0,50.0
Cu-6Ni-1Si-0.5Al,Cu-Ni-Si alloys,92.25,0.5,0.1,0.15,6.0,1.0,1253.0,723.0,1.5,54.0
Cu-6Ni-1Si-0.5Al,Cu-Ni-Si alloys,92.25,0.5,0.1,0.15,6.0,1.0,1253.0,723.0,2.0,56.0
Cu-6Ni-1Si-0.5Al,Cu-Ni-Si alloys,92.25,0.5,0.1,0.15,6.0,1.0,1253.0,723.0,3.0,58.0
Cu-6Ni-1Si-0.5Al,Cu-Ni-Si alloys,92.25,0.5,0.1,0.15,6.0,1.0,1253.0,723.0,4.0,59.0
Cu-6Ni-1Si-0.5Al,Cu-Ni-Si alloys,92.25,0.5,0.1,0.15,6.0,1.0,1253.0,723.0,5.0,59.0
Cu-6Ni-1Si-0.5Al,Cu-Ni-Si alloys,92.25,0.5,0.1,0.15,6.0,1.0,1253.0,723.0,6.0,60.0
Cu-6Ni-1Si-0.5Al,Cu-Ni-Si alloys,92.25,0.5,0.1,0.15,6.0,1.0,1253.0,723.0,8.0,61.0
Cu-6Ni-1Si-0.5Al,Cu-Ni-Si alloys,92.25,0.5,0.1,0.15,6.0,1.0,1253.0,773.0,0.083,43.0
Cu-6Ni-1Si-0.5Al,Cu-Ni-Si alloys,92.25,0.5,0.1,0.15,6.0,1.0,1253.0,773.0,0.25,49.0
Cu-6Ni-1Si-0.5Al,Cu-Ni-Si alloys,92.25,0.5,0.1,0.15,6.0,1.0,1253.0,773.0,0.5,52.0
Cu-6Ni-1Si-0.5Al,Cu-Ni-Si alloys,92.25,0.5,0.1,0.15,6.0,1.0,1253.0,773.0,0.75,53.0
Cu-6Ni-1Si-0.5Al,Cu-Ni-Si alloys,92.25,0.5,0.1,0.15,6.0,1.0,1253.0,773.0,1.0,54.0
Cu-6Ni-1Si-0.5Al,Cu-Ni-Si alloys,92.25,0.5,0.1,0.15,6.0,1.0,1253.0,773.0,1.5,55.0
Cu-6Ni-1Si-0.5Al,Cu-Ni-Si alloys,92.25,0.5,0.1,0.15,6.0,1.0,1253.0,773.0,2.0,55.0
Cu-6Ni-1Si-0.5Al,Cu-Ni-Si alloys,92.25,0.5,0.1,0.15,6.0,1.0,1253.0,773.0,3.0,55.0
Cu-6Ni-1Si-0.5Al,Cu-Ni-Si alloys,92.25,0.5,0.1,0.15,6.0,1.0,1253.0,773.0,4.0,56.0
Cu-6Ni-1Si-0.5Al,Cu-Ni-Si alloys,92.25,0.5,0.1,0.15,6.0,1.0,1253.0,773.0,5.0,56.0
Cu-6Ni-1Si-0.5Al,Cu-Ni-Si alloys,92.25,0.5,0.1,0.15,6.0,1.0,1253.0,773.0,6.0,56.0
Cu-6Ni-1Si-0.5Al,Cu-Ni-Si alloys,92.25,0.5,0.1,0.15,6.0,1.0,1253.0,773.0,8.0,56.0
Cu-6Ni-1Si-0.5Al,Cu-Ni-Si alloys,92.25,0.5,0.1,0.15,6.0,1.0,1253.0,823.0,0.083,42.0
Cu-6Ni-1Si-0.5Al,Cu-Ni-Si alloys,92.25,0.5,0.1,0.15,6.0,1.0,1253.0,823.0,0.25,46.0
Cu-6Ni-1Si-0.5Al,Cu-Ni-Si alloys,92.25,0.5,0.1,0.15,6.0,1.0,1253.0,823.0,0.5,48.0
Cu-6Ni-1Si-0.5Al,Cu-Ni-Si alloys,92.25,0.5,0.1,0.15,6.0,1.0,1253.0,823.0,0.75,48.0
Cu-6Ni-1Si-0.5Al,Cu-Ni-Si alloys,92.25,0.5,0.1,0.15,6.0,1.0,1253.0,823.0,1.0,48.0
Cu-6Ni-1Si-0.5Al,Cu-Ni-Si alloys,92.25,0.5,0.1,0.15,6.0,1.0,1253.0,823.0,1.5,48.0
Cu-6Ni-1Si-0.5Al,Cu-Ni-Si alloys,92.25,0.5,0.1,0.15,6.0,1.0,1253.0,823.0,2.0,49.0
Cu-6Ni-1Si-0.5Al,Cu-Ni-Si alloys,92.25,0.5,0.1,0.15,6.0,1.0,1253.0,823.0,3.0,49.0
Cu-6Ni-1Si-0.5Al,Cu-Ni-Si alloys,92.25,0.5,0.1,0.15,6.0,1.0,1253.0,823.0,4.0,49.0
Cu-6Ni-1Si-0.5Al,Cu-Ni-Si alloys,92.25,0.5,0.1,0.15,6.0,1.0,1253.0,823.0,5.0,49.0
Cu-6Ni-1Si-0.5Al,Cu-Ni-Si alloys,92.25,0.5,0.1,0.15,6.0,1.0,1253.0,823.0,6.0,50.0
Cu-6Ni-1Si-0.5Al,Cu-Ni-Si alloys,92.25,0.5,0.1,0.15,6.0,1.0,1253.0,823.0,8.0,50.0
Cu-6Ni-1Si-0.5Al,Cu-Ni-Si alloys,92.25,0.5,0.1,0.15,6.0,1.0,1253.0,673.0,0.083,41.0
Cu-6Ni-1Si-0.5Al,Cu-Ni-Si alloys,92.25,0.5,0.1,0.15,6.0,1.0,1253.0,673.0,0.25,44.0
Cu-6Ni-1Si-0.5Al,Cu-Ni-Si alloys,92.25,0.5,0.1,0.15,6.0,1.0,1253.0,673.0,0.5,47.0
Cu-6Ni-1Si-0.5Al,Cu-Ni-Si alloys,92.25,0.5,0.1,0.15,6.0,1.0,1253.0,673.0,0.75,50.0
Cu-6Ni-1Si-0.5Al,Cu-Ni-Si alloys,92.25,0.5,0.1,0.15,6.0,1.0,1253.0,673.0,1.0,51.0
Cu-6Ni-1Si-0.5Al,Cu-Ni-Si alloys,92.25,0.5,0.1,0.15,6.0,1.0,1253.0,673.0,1.5,54.0
Cu-6Ni-1Si-0.5Al,Cu-Ni-Si alloys,92.25,0.5,0.1,0.15,6.0,1.0,1253.0,673.0,2.0,57.0
Cu-6Ni-1Si-0.5Al,Cu-Ni-Si alloys,92.25,0.5,0.1,0.15,6.0,1.0,1253.0,673.0,3.0,60.0
Cu-6Ni-1Si-0.5Al,Cu-Ni-Si alloys,92.25,0.5,0.1,0.15,6.0,1.0,1253.0,673.0,4.0,61.0
Cu-6Ni-1Si-0.5Al,Cu-Ni-Si alloys,92.25,0.5,0.1,0.15,6.0,1.0,1253.0,673.0,5.0,62.0
Cu-6Ni-1Si-0.5Al,Cu-Ni-Si alloys,92.25,0.5,0.1,0.15,6.0,1.0,1253.0,673.0,6.0,62.0
Cu-6Ni-1Si-0.5Al,Cu-Ni-Si alloys,92.25,0.5,0.1,0.15,6.0,1.0,1253.0,673.0,8.0,64.0
Cu-6Ni-1Si-0.5Al,Cu-Ni-Si alloys,92.25,0.5,0.1,0.15,6.0,1.0,1253.0,723.0,0.083,43.0
Cu-6Ni-1Si-0.5Al,Cu-Ni-Si alloys,92.25,0.5,0.1,0.15,6.0,1.0,1253.0,723.0,0.25,48.0
Cu-6Ni-1Si-0.5Al,Cu-Ni-Si alloys,92.25,0.5,0.1,0.15,6.0,1.0,1253.0,723.0,0.5,52.0
Cu-6Ni-1Si-0.5Al,Cu-Ni-Si alloys,92.25,0.5,0.1,0.15,6.0,1.0,1253.0,723.0,0.75,55.0
Cu-6Ni-1Si-0.5Al,Cu-Ni-Si alloys,92.25,0.5,0.1,0.15,6.0,1.0,1253.0,723.0,1.0,56.0
Cu-6Ni-1Si-0.5Al,Cu-Ni-Si alloys,92.25,0.5,0.1,0.15,6.0,1.0,1253.0,723.0,1.5,58.0
Cu-6Ni-1Si-0.5Al,Cu-Ni-Si alloys,92.25,0.5,0.1,0.15,6.0,1.0,1253.0,723.0,2.0,59.0
Cu-6Ni-1Si-0.5Al,Cu-Ni-Si alloys,92.25,0.5,0.1,0.15,6.0,1.0,1253.0,723.0,3.0,60.0
Cu-6Ni-1Si-0.5Al,Cu-Ni-Si alloys,92.25,0.5,0.1,0.15,6.0,1.0,1253.0,723.0,4.0,61.0
Cu-6Ni-1Si-0.5Al,Cu-Ni-Si alloys,92.25,0.5,0.1,0.15,6.0,1.0,1253.0,723.0,5.0,60.0
Cu-6Ni-1Si-0.5Al,Cu-Ni-Si alloys,92.25,0.5,0.1,0.15,6.0,1.0,1253.0,723.0,6.0,61.0
Cu-6Ni-1Si-0.5Al,Cu-Ni-Si alloys,92.25,0.5,0.1,0.15,6.0,1.0,1253.0,723.0,8.0,62.0
Cu-6Ni-1Si-0.5Al,Cu-Ni-Si alloys,92.25,0.5,0.1,0.15,6.0,1.0,1253.0,773.0,0.083,46.0
Cu-6Ni-1Si-0.5Al,Cu-Ni-Si alloys,92.25,0.5,0.1,0.15,6.0,1.0,1253.0,773.0,0.25,52.0
Cu-6Ni-1Si-0.5Al,Cu-Ni-Si alloys,92.25,0.5,0.1,0.15,6.0,1.0,1253.0,773.0,0.5,53.0
Cu-6Ni-1Si-0.5Al,Cu-Ni-Si alloys,92.25,0.5,0.1,0.15,6.0,1.0,1253.0,773.0,0.75,54.0
Cu-6Ni-1Si-0.5Al,Cu-Ni-Si alloys,92.25,0.5,0.1,0.15,6.0,1.0,1253.0,773.0,1.0,54.0
Cu-6Ni-1Si-0.5Al,Cu-Ni-Si alloys,92.25,0.5,0.1,0.15,6.0,1.0,1253.0,773.0,1.5,56.0
Cu-6Ni-1Si-0.5Al,Cu-Ni-Si alloys,92.25,0.5,0.1,0.15,6.0,1.0,1253.0,773.0,2.0,56.0
Cu-6Ni-1Si-0.5Al,Cu-Ni-Si alloys,92.25,0.5,0.1,0.15,6.0,1.0,1253.0,773.0,3.0,56.0
Cu-6Ni-1Si-0.5Al,Cu-Ni-Si alloys,92.25,0.5,0.1,0.15,6.0,1.0,1253.0,773.0,4.0,56.0
Cu-6Ni-1Si-0.5Al,Cu-Ni-Si alloys,92.25,0.5,0.1,0.15,6.0,1.0,1253.0,773.0,5.0,57.0
Cu-6Ni-1Si-0.5Al,Cu-Ni-Si alloys,92.25,0.5,0.1,0.15,6.0,1.0,1253.0,773.0,6.0,56.0
Cu-6Ni-1Si-0.5Al,Cu-Ni-Si alloys,92.25,0.5,0.1,0.15,6.0,1.0,1253.0,773.0,8.0,57.0
Cu-6Ni-1Si-0.5Al,Cu-Ni-Si alloys,92.25,0.5,0.1,0.15,6.0,1.0,1253.0,823.0,0.083,44.0
Cu-6Ni-1Si-0.5Al,Cu-Ni-Si alloys,92.25,0.5,0.1,0.15,6.0,1.0,1253.0,823.0,0.25,47.0
Cu-6Ni-1Si-0.5Al,Cu-Ni-Si alloys,92.25,0.5,0.1,0.15,6.0,1.0,1253.0,823.0,0.5,48.0
Cu-6Ni-1Si-0.5Al,Cu-Ni-Si alloys,92.25,0.5,0.1,0.15,6.0,1.0,1253.0,823.0,0.75,48.0
Cu-6Ni-1Si-0.5Al,Cu-Ni-Si alloys,92.25,0.5,0.1,0.15,6.0,1.0,1253.0,823.0,1.0,49.0
Cu-6Ni-1Si-0.5Al,Cu-Ni-Si alloys,92.25,0.5,0.1,0.15,6.0,1.0,1253.0,823.0,1.5,49.0
Cu-6Ni-1Si-0.5Al,Cu-Ni-Si alloys,92.25,0.5,0.1,0.15,6.0,1.0,1253.0,823.0,2.0,49.0
Cu-6Ni-1Si-0.5Al,Cu-Ni-Si alloys,92.25,0.5,0.1,0.15,6.0,1.0,1253.0,823.0,3.0,50.0
Cu-6Ni-1Si-0.5Al,Cu-Ni-Si alloys,92.25,0.5,0.1,0.15,6.0,1.0,1253.0,823.0,4.0,50.0
Cu-6Ni-1Si-0.5Al,Cu-Ni-Si alloys,92.25,0.5,0.1,0.15,6.0,1.0,1253.0,823.0,5.0,50.0
Cu-6Ni-1Si-0.5Al,Cu-Ni-Si alloys,92.25,0.5,0.1,0.15,6.0,1.0,1253.0,823.0,6.0,51.0
Cu-6Ni-1Si-0.5Al,Cu-Ni-Si alloys,92.25,0.5,0.1,0.15,6.0,1.0,1253.0,823.0,8.0,51.0
Cu-6Ni-1Si-0.5Al,Cu-Ni-Si alloys,92.25,0.5,0.1,0.15,6.0,1.0,1253.0,673.0,0.083,47.0
Cu-6Ni-1Si-0.5Al,Cu-Ni-Si alloys,92.25,0.5,0.1,0.15,6.0,1.0,1253.0,673.0,0.25,48.0
Cu-6Ni-1Si-0.5Al,Cu-Ni-Si alloys,92.25,0.5,0.1,0.15,6.0,1.0,1253.0,673.0,0.5,50.0
Cu-6Ni-1Si-0.5Al,Cu-Ni-Si alloys,92.25,0.5,0.1,0.15,6.0,1.0,1253.0,673.0,0.75,50.0
Cu-6Ni-1Si-0.5Al,Cu-Ni-Si alloys,92.25,0.5,0.1,0.15,6.0,1.0,1253.0,673.0,1.0,52.0
Cu-6Ni-1Si-0.5Al,Cu-Ni-Si alloys,92.25,0.5,0.1,0.15,6.0,1.0,1253.0,673.0,1.5,54.0
Cu-6Ni-1Si-0.5Al,Cu-Ni-Si alloys,92.25,0.5,0.1,0.15,6.0,1.0,1253.0,673.0,2.0,55.0
Cu-6Ni-1Si-0.5Al,Cu-Ni-Si alloys,92.25,0.5,0.1,0.15,6.0,1.0,1253.0,673.0,3.0,57.0
Cu-6Ni-1Si-0.5Al,Cu-Ni-Si alloys,92.25,0.5,0.1,0.15,6.0,1.0,1253.0,673.0,4.0,58.0
Cu-6Ni-1Si-0.5Al,Cu-Ni-Si alloys,92.25,0.5,0.1,0.15,6.0,1.0,1253.0,673.0,5.0,59.0
Cu-6Ni-1Si-0.5Al,Cu-Ni-Si alloys,92.25,0.5,0.1,0.15,6.0,1.0,1253.0,673.0,6.0,61.0
Cu-6Ni-1Si-0.5Al,Cu-Ni-Si alloys,92.25,0.5,0.1,0.15,6.0,1.0,1253.0,673.0,8.0,63.0
Cu-6Ni-1Si-0.5Al,Cu-Ni-Si alloys,92.25,0.5,0.1,0.15,6.0,1.0,1253.0,723.0,0.083,49.0
Cu-6Ni-1Si-0.5Al,Cu-Ni-Si alloys,92.25,0.5,0.1,0.15,6.0,1.0,1253.0,723.0,0.25,51.0
Cu-6Ni-1Si-0.5Al,Cu-Ni-Si alloys,92.25,0.5,0.1,0.15,6.0,1.0,1253.0,723.0,0.5,52.0
Cu-6Ni-1Si-0.5Al,Cu-Ni-Si alloys,92.25,0.5,0.1,0.15,6.0,1.0,1253.0,723.0,0.75,54.0
Cu-6Ni-1Si-0.5Al,Cu-Ni-Si alloys,92.25,0.5,0.1,0.15,6.0,1.0,1253.0,723.0,1.0,55.0
Cu-6Ni-1Si-0.5Al,Cu-Ni-Si alloys,92.25,0.5,0.1,0.15,6.0,1.0,1253.0,723.0,1.5,58.0
Cu-6Ni-1Si-0.5Al,Cu-Ni-Si alloys,92.25,0.5,0.1,0.15,6.0,1.0,1253.0,723.0,2.0,59.0
Cu-6Ni-1Si-0.5Al,Cu-Ni-Si alloys,92.25,0.5,0.1,0.15,6.0,1.0,1253.0,723.0,3.0,61.0
Cu-6Ni-1Si-0.5Al,Cu-Ni-Si alloys,92.25,0.5,0.1,0.15,6.0,1.0,1253.0,723.0,4.0,61.0
Cu-6Ni-1Si-0.5Al,Cu-Ni-Si alloys,92.25,0.5,0.1,0.15,6.0,1.0,1253.0,723.0,5.0,62.0
Cu-6Ni-1Si-0.5Al,Cu-Ni-Si alloys,92.25,0.5,0.1,0.15,6.0,1.0,1253.0,723.0,6.0,62.0
Cu-6Ni-1Si-0.5Al,Cu-Ni-Si alloys,92.25,0.5,0.1,0.15,6.0,1.0,1253.0,723.0,8.0,63.0
Cu-6Ni-1Si-0.5Al,Cu-Ni-Si alloys,92.25,0.5,0.1,0.15,6.0,1.0,1253.0,773.0,0.083,52.0
Cu-6Ni-1Si-0.5Al,Cu-Ni-Si alloys,92.25,0.5,0.1,0.15,6.0,1.0,1253.0,773.0,0.25,55.0
Cu-6Ni-1Si-0.5Al,Cu-Ni-Si alloys,92.25,0.5,0.1,0.15,6.0,1.0,1253.0,773.0,0.5,55.0
Cu-6Ni-1Si-0.5Al,Cu-Ni-Si alloys,92.25,0.5,0.1,0.15,6.0,1.0,1253.0,773.0,0.75,55.0
Cu-6Ni-1Si-0.5Al,Cu-Ni-Si alloys,92.25,0.5,0.1,0.15,6.0,1.0,1253.0,773.0,1.0,56.0
Cu-6Ni-1Si-0.5Al,Cu-Ni-Si alloys,92.25,0.5,0.1,0.15,6.0,1.0,1253.0,773.0,1.5,57.0
Cu-6Ni-1Si-0.5Al,Cu-Ni-Si alloys,92.25,0.5,0.1,0.15,6.0,1.0,1253.0,773.0,2.0,57.0
Cu-6Ni-1Si-0.5Al,Cu-Ni-Si alloys,92.25,0.5,0.1,0.15,6.0,1.0,1253.0,773.0,3.0,57.0
Cu-6Ni-1Si-0.5Al,Cu-Ni-Si alloys,92.25,0.5,0.1,0.15,6.0,1.0,1253.0,773.0,4.0,57.0
Cu-6Ni-1Si-0.5Al,Cu-Ni-Si alloys,92.25,0.5,0.1,0.15,6.0,1.0,1253.0,773.0,5.0,57.0
Cu-6Ni-1Si-0.5Al,Cu-Ni-Si alloys,92.25,0.5,0.1,0.15,6.0,1.0,1253.0,773.0,6.0,57.0
Cu-6Ni-1Si-0.5Al,Cu-Ni-Si alloys,92.25,0.5,0.1,0.15,6.0,1.0,1253.0,773.0,8.0,56.0
Cu-6Ni-1Si-0.5Al,Cu-Ni-Si alloys,92.25,0.5,0.1,0.15,6.0,1.0,1253.0,823.0,0.083,48.0
Cu-6Ni-1Si-0.5Al,Cu-Ni-Si alloys,92.25,0.5,0.1,0.15,6.0,1.0,1253.0,823.0,0.25,49.0
Cu-6Ni-1Si-0.5Al,Cu-Ni-Si alloys,92.25,0.5,0.1,0.15,6.0,1.0,1253.0,823.0,0.5,49.0
Cu-6Ni-1Si-0.5Al,Cu-Ni-Si alloys,92.25,0.5,0.1,0.15,6.0,1.0,1253.0,823.0,0.75,49.0
Cu-6Ni-1Si-0.5Al,Cu-Ni-Si alloys,92.25,0.5,0.1,0.15,6.0,1.0,1253.0,823.0,1.0,49.0
Cu-6Ni-1Si-0.5Al,Cu-Ni-Si alloys,92.25,0.5,0.1,0.15,6.0,1.0,1253.0,823.0,1.5,49.0
Cu-6Ni-1Si-0.5Al,Cu-Ni-Si alloys,92.25,0.5,0.1,0.15,6.0,1.0,1253.0,823.0,2.0,49.0
Cu-6Ni-1Si-0.5Al,Cu-Ni-Si alloys,92.25,0.5,0.1,0.15,6.0,1.0,1253.0,823.0,3.0,49.0
Cu-6Ni-1Si-0.5Al,Cu-Ni-Si alloys,92.25,0.5,0.1,0.15,6.0,1.0,1253.0,823.0,4.0,49.0
Cu-6Ni-1Si-0.5Al,Cu-Ni-Si alloys,92.25,0.5,0.1,0.15,6.0,1.0,1253.0,823.0,5.0,49.0
Cu-6Ni-1Si-0.5Al,Cu-Ni-Si alloys,92.25,0.5,0.1,0.15,6.0,1.0,1253.0,823.0,6.0,50.0
Cu-6Ni-1Si-0.5Al,Cu-Ni-Si alloys,92.25,0.5,0.1,0.15,6.0,1.0,1253.0,823.0,8.0,50.0
Cu-6Ni-1Si-0.5Al,Cu-Ni-Si alloys,92.25,0.5,0.1,0.15,6.0,1.0,1253.0,673.0,0.083,26.0
Cu-6Ni-1Si-0.5Al,Cu-Ni-Si alloys,92.25,0.5,0.1,0.15,6.0,1.0,1253.0,673.0,0.25,26.0
Cu-6Ni-1Si-0.5Al,Cu-Ni-Si alloys,92.25,0.5,0.1,0.15,6.0,1.0,1253.0,673.0,0.5,27.0
Cu-6Ni-1Si-0.5Al,Cu-Ni-Si alloys,92.25,0.5,0.1,0.15,6.0,1.0,1253.0,673.0,0.75,27.0
Cu-6Ni-1Si-0.5Al,Cu-Ni-Si alloys,92.25,0.5,0.1,0.15,6.0,1.0,1253.0,673.0,1.0,27.0
Cu-6Ni-1Si-0.5Al,Cu-Ni-Si alloys,92.25,0.5,0.1,0.15,6.0,1.0,1253.0,673.0,1.5,28.0
Cu-6Ni-1Si-0.5Al,Cu-Ni-Si alloys,92.25,0.5,0.1,0.15,6.0,1.0,1253.0,673.0,2.0,28.0
Cu-6Ni-1Si-0.5Al,Cu-Ni-Si alloys,92.25,0.5,0.1,0.15,6.0,1.0,1253.0,673.0,3.0,29.0
Cu-6Ni-1Si-0.5Al,Cu-Ni-Si alloys,92.25,0.5,0.1,0.15,6.0,1.0,1253.0,673.0,4.0,30.0
Cu-6Ni-1Si-0.5Al,Cu-Ni-Si alloys,92.25,0.5,0.1,0.15,6.0,1.0,1253.0,673.0,5.0,30.0
Cu-6Ni-1Si-0.5Al,Cu-Ni-Si alloys,92.25,0.5,0.1,0.15,6.0,1.0,1253.0,673.0,6.0,30.0
Cu-6Ni-1Si-0.5Al,Cu-Ni-Si alloys,92.25,0.5,0.1,0.15,6.0,1.0,1253.0,673.0,8.0,32.0
Cu-6Ni-1Si-0.5Al,Cu-Ni-Si alloys,92.25,0.5,0.1,0.15,6.0,1.0,1253.0,723.0,0.083,26.0
Cu-6Ni-1Si-0.5Al,Cu-Ni-Si alloys,92.25,0.5,0.1,0.15,6.0,1.0,1253.0,723.0,0.25,27.0
Cu-6Ni-1Si-0.5Al,Cu-Ni-Si alloys,92.25,0.5,0.1,0.15,6.0,1.0,1253.0,723.0,0.5,29.0
Cu-6Ni-1Si-0.5Al,Cu-Ni-Si alloys,92.25,0.5,0.1,0.15,6.0,1.0,1253.0,723.0,0.75,30.0
Cu-6Ni-1Si-0.5Al,Cu-Ni-Si alloys,92.25,0.5,0.1,0.15,6.0,1.0,1253.0,723.0,1.0,30.0
Cu-6Ni-1Si-0.5Al,Cu-Ni-Si alloys,92.25,0.5,0.1,0.15,6.0,1.0,1253.0,723.0,1.5,31.0
Cu-6Ni-1Si-0.5Al,Cu-Ni-Si alloys,92.25,0.5,0.1,0.15,6.0,1.0,1253.0,723.0,2.0,32.0
Cu-6Ni-1Si-0.5Al,Cu-Ni-Si alloys,92.25,0.5,0.1,0.15,6.0,1.0,1253.0,723.0,3.0,33.0
Cu-6Ni-1Si-0.5Al,Cu-Ni-Si alloys,92.25,0.5,0.1,0.15,6.0,1.0,1253.0,723.0,4.0,34.0
Cu-6Ni-1Si-0.5Al,Cu-Ni-Si alloys,92.25,0.5,0.1,0.15,6.0,1.0,1253.0,723.0,5.0,35.0
Cu-6Ni-1Si-0.5Al,Cu-Ni-Si alloys,92.25,0.5,0.1,0.15,6.0,1.0,1253.0,723.0,6.0,36.0
Cu-6Ni-1Si-0.5Al,Cu-Ni-Si alloys,92.25,0.5,0.1,0.15,6.0,1.0,1253.0,723.0,8.0,37.0
Cu-6Ni-1Si-0.5Al,Cu-Ni-Si alloys,92.25,0.5,0.1,0.15,6.0,1.0,1253.0,773.0,0.083,25.0
Cu-6Ni-1Si-0.5Al,Cu-Ni-Si alloys,92.25,0.5,0.1,0.15,6.0,1.0,1253.0,773.0,0.25,27.0
Cu-6Ni-1Si-0.5Al,Cu-Ni-Si alloys,92.25,0.5,0.1,0.15,6.0,1.0,1253.0,773.0,0.5,29.0
Cu-6Ni-1Si-0.5Al,Cu-Ni-Si alloys,92.25,0.5,0.1,0.15,6.0,1.0,1253.0,773.0,0.75,30.0
Cu-6Ni-1Si-0.5Al,Cu-Ni-Si alloys,92.25,0.5,0.1,0.15,6.0,1.0,1253.0,773.0,1.0,31.0
Cu-6Ni-1Si-0.5Al,Cu-Ni-Si alloys,92.25,0.5,0.1,0.15,6.0,1.0,1253.0,773.0,1.5,33.0
Cu-6Ni-1Si-0.5Al,Cu-Ni-Si alloys,92.25,0.5,0.1,0.15,6.0,1.0,1253.0,773.0,2.0,33.0
Cu-6Ni-1Si-0.5Al,Cu-Ni-Si alloys,92.25,0.5,0.1,0.15,6.0,1.0,1253.0,773.0,3.0,34.0
Cu-6Ni-1Si-0.5Al,Cu-Ni-Si alloys,92.25,0.5,0.1,0.15,6.0,1.0,1253.0,773.0,4.0,36.0
Cu-6Ni-1Si-0.5Al,Cu-Ni-Si alloys,92.25,0.5,0.1,0.15,6.0,1.0,1253.0,773.0,5.0,37.0
Cu-6Ni-1Si-0.5Al,Cu-Ni-Si alloys,92.25,0.5,0.1,0.15,6.0,1.0,1253.0,773.0,6.0,37.0
Cu-6Ni-1Si-0.5Al,Cu-Ni-Si alloys,92.25,0.5,0.1,0.15,6.0,1.0,1253.0,773.0,8.0,38.0
Cu-6Ni-1Si-0.5Al,Cu-Ni-Si alloys,92.25,0.5,0.1,0.15,6.0,1.0,1253.0,823.0,0.083,28.0
Cu-6Ni-1Si-0.5Al,Cu-Ni-Si alloys,92.25,0.5,0.1,0.15,6.0,1.0,1253.0,823.0,0.25,31.0
Cu-6Ni-1Si-0.5Al,Cu-Ni-Si alloys,92.25,0.5,0.1,0.15,6.0,1.0,1253.0,823.0,0.5,32.0
Cu-6Ni-1Si-0.5Al,Cu-Ni-Si alloys,92.25,0.5,0.1,0.15,6.0,1.0,1253.0,823.0,0.75,34.0
Cu-6Ni-1Si-0.5Al,Cu-Ni-Si alloys,92.25,0.5,0.1,0.15,6.0,1.0,1253.0,823.0,1.0,35.0
Cu-6Ni-1Si-0.5Al,Cu-Ni-Si alloys,92.25,0.5,0.1,0.15,6.0,1.0,1253.0,823.0,1.5,36.0
Cu-6Ni-1Si-0.5Al,Cu-Ni-Si alloys,92.25,0.5,0.1,0.15,6.0,1.0,1253.0,823.0,2.0,36.0
Cu-6Ni-1Si-0.5Al,Cu-Ni-Si alloys,92.25,0.5,0.1,0.15,6.0,1.0,1253.0,823.0,3.0,36.0
Cu-6Ni-1Si-0.5Al,Cu-Ni-Si alloys,92.25,0.5,0.1,0.15,6.0,1.0,1253.0,823.0,4.0,37.0
Cu-6Ni-1Si-0.5Al,Cu-Ni-Si alloys,92.25,0.5,0.1,0.15,6.0,1.0,1253.0,823.0,5.0,36.0
Cu-6Ni-1Si-0.5Al,Cu-Ni-Si alloys,92.25,0.5,0.1,0.15,6.0,1.0,1253.0,823.0,6.0,36.0
Cu-6Ni-1Si-0.5Al,Cu-Ni-Si alloys,92.25,0.5,0.1,0.15,6.0,1.0,1253.0,823.0,8.0,36.0
Cu-6Ni-1Si-0.5Al,Cu-Ni-Si alloys,92.25,0.5,0.1,0.15,6.0,1.0,1253.0,673.0,0.083,32.0
Cu-6Ni-1Si-0.5Al,Cu-Ni-Si alloys,92.25,0.5,0.1,0.15,6.0,1.0,1253.0,673.0,0.25,33.0
Cu-6Ni-1Si-0.5Al,Cu-Ni-Si alloys,92.25,0.5,0.1,0.15,6.0,1.0,1253.0,673.0,0.5,34.0
Cu-6Ni-1Si-0.5Al,Cu-Ni-Si alloys,92.25,0.5,0.1,0.15,6.0,1.0,1253.0,673.0,0.75,34.0
Cu-6Ni-1Si-0.5Al,Cu-Ni-Si alloys,92.25,0.5,0.1,0.15,6.0,1.0,1253.0,673.0,1.0,34.0
Cu-6Ni-1Si-0.5Al,Cu-Ni-Si alloys,92.25,0.5,0.1,0.15,6.0,1.0,1253.0,673.0,1.5,35.0
Cu-6Ni-1Si-0.5Al,Cu-Ni-Si alloys,92.25,0.5,0.1,0.15,6.0,1.0,1253.0,673.0,2.0,35.0
Cu-6Ni-1Si-0.5Al,Cu-Ni-Si alloys,92.25,0.5,0.1,0.15,6.0,1.0,1253.0,673.0,3.0,36.0
Cu-6Ni-1Si-0.5Al,Cu-Ni-Si alloys,92.25,0.5,0.1,0.15,6.0,1.0,1253.0,673.0,4.0,37.0
Cu-6Ni-1Si-0.5Al,Cu-Ni-Si alloys,92.25,0.5,0.1,0.15,6.0,1.0,1253.0,673.0,5.0,37.0
Cu-6Ni-1Si-0.5Al,Cu-Ni-Si alloys,92.25,0.5,0.1,0.15,6.0,1.0,1253.0,673.0,6.0,37.0
Cu-6Ni-1Si-0.5Al,Cu-Ni-Si alloys,92.25,0.5,0.1,0.15,6.0,1.0,1253.0,673.0,8.0,38.0
Cu-6Ni-1Si-0.5Al,Cu-Ni-Si alloys,92.25,0.5,0.1,0.15,6.0,1.0,1253.0,723.0,0.083,34.0
Cu-6Ni-1Si-0.5Al,Cu-Ni-Si alloys,92.25,0.5,0.1,0.15,6.0,1.0,1253.0,723.0,0.25,35.0
Cu-6Ni-1Si-0.5Al,Cu-Ni-Si alloys,92.25,0.5,0.1,0.15,6.0,1.0,1253.0,723.0,0.5,35.0
Cu-6Ni-1Si-0.5Al,Cu-Ni-Si alloys,92.25,0.5,0.1,0.15,6.0,1.0,1253.0,723.0,0.75,36.0
Cu-6Ni-1Si-0.5Al,Cu-Ni-Si alloys,92.25,0.5,0.1,0.15,6.0,1.0,1253.0,723.0,1.0,36.0
Cu-6Ni-1Si-0.5Al,Cu-Ni-Si alloys,92.25,0.5,0.1,0.15,6.0,1.0,1253.0,723.0,1.5,36.0
Cu-6Ni-1Si-0.5Al,Cu-Ni-Si alloys,92.25,0.5,0.1,0.15,6.0,1.0,1253.0,723.0,2.0,37.0
Cu-6Ni-1Si-0.5Al,Cu-Ni-Si alloys,92.25,0.5,0.1,0.15,6.0,1.0,1253.0,723.0,3.0,38.0
Cu-6Ni-1Si-0.5Al,Cu-Ni-Si alloys,92.25,0.5,0.1,0.15,6.0,1.0,1253.0,723.0,4.0,38.0
Cu-6Ni-1Si-0.5Al,Cu-Ni-Si alloys,92.25,0.5,0.1,0.15,6.0,1.0,1253.0,723.0,5.0,39.0
Cu-6Ni-1Si-0.5Al,Cu-Ni-Si alloys,92.25,0.5,0.1,0.15,6.0,1.0,1253.0,723.0,6.0,40.0
Cu-6Ni-1Si-0.5Al,Cu-Ni-Si alloys,92.25,0.5,0.1,0.15,6.0,1.0,1253.0,723.0,8.0,41.0
Cu-6Ni-1Si-0.5Al,Cu-Ni-Si alloys,92.25,0.5,0.1,0.15,6.0,1.0,1253.0,773.0,0.083,33.0
Cu-6Ni-1Si-0.5Al,Cu-Ni-Si alloys,92.25,0.5,0.1,0.15,6.0,1.0,1253.0,773.0,0.25,35.0
Cu-6Ni-1Si-0.5Al,Cu-Ni-Si alloys,92.25,0.5,0.1,0.15,6.0,1.0,1253.0,773.0,0.5,35.0
Cu-6Ni-1Si-0.5Al,Cu-Ni-Si alloys,92.25,0.5,0.1,0.15,6.0,1.0,1253.0,773.0,0.75,35.0
Cu-6Ni-1Si-0.5Al,Cu-Ni-Si alloys,92.25,0.5,0.1,0.15,6.0,1.0,1253.0,773.0,1.0,36.0
Cu-6Ni-1Si-0.5Al,Cu-Ni-Si alloys,92.25,0.5,0.1,0.15,6.0,1.0,1253.0,773.0,1.5,37.0
Cu-6Ni-1Si-0.5Al,Cu-Ni-Si alloys,92.25,0.5,0.1,0.15,6.0,1.0,1253.0,773.0,2.0,37.0
Cu-6Ni-1Si-0.5Al,Cu-Ni-Si alloys,92.25,0.5,0.1,0.15,6.0,1.0,1253.0,773.0,3.0,38.0
Cu-6Ni-1Si-0.5Al,Cu-Ni-Si alloys,92.25,0.5,0.1,0.15,6.0,1.0,1253.0,773.0,4.0,40.0
Cu-6Ni-1Si-0.5Al,Cu-Ni-Si alloys,92.25,0.5,0.1,0.15,6.0,1.0,1253.0,773.0,5.0,41.0
Cu-6Ni-1Si-0.5Al,Cu-Ni-Si alloys,92.25,0.5,0.1,0.15,6.0,1.0,1253.0,773.0,6.0,42.0
Cu-6Ni-1Si-0.5Al,Cu-Ni-Si alloys,92.25,0.5,0.1,0.15,6.0,1.0,1253.0,773.0,8.0,43.0
Cu-6Ni-1Si-0.5Al,Cu-Ni-Si alloys,92.25,0.5,0.1,0.15,6.0,1.0,1253.0,823.0,0.083,33.0
Cu-6Ni-1Si-0.5Al,Cu-Ni-Si alloys,92.25,0.5,0.1,0.15,6.0,1.0,1253.0,823.0,0.25,34.0
Cu-6Ni-1Si-0.5Al,Cu-Ni-Si alloys,92.25,0.5,0.1,0.15,6.0,1.0,1253.0,823.0,0.5,36.0
Cu-6Ni-1Si-0.5Al,Cu-Ni-Si alloys,92.25,0.5,0.1,0.15,6.0,1.0,1253.0,823.0,0.75,36.0
Cu-6Ni-1Si-0.5Al,Cu-Ni-Si alloys,92.25,0.5,0.1,0.15,6.0,1.0,1253.0,823.0,1.0,37.0
Cu-6Ni-1Si-0.5Al,Cu-Ni-Si alloys,92.25,0.5,0.1,0.15,6.0,1.0,1253.0,823.0,1.5,38.0
Cu-6Ni-1Si-0.5Al,Cu-Ni-Si alloys,92.25,0.5,0.1,0.15,6.0,1.0,1253.0,823.0,2.0,38.0
Cu-6Ni-1Si-0.5Al,Cu-Ni-Si alloys,92.25,0.5,0.1,0.15,6.0,1.0,1253.0,823.0,3.0,38.0
Cu-6Ni-1Si-0.5Al,Cu-Ni-Si alloys,92.25,0.5,0.1,0.15,6.0,1.0,1253.0,823.0,4.0,38.0
Cu-6Ni-1Si-0.5Al,Cu-Ni-Si alloys,92.25,0.5,0.1,0.15,6.0,1.0,1253.0,823.0,5.0,38.0
Cu-6Ni-1Si-0.5Al,Cu-Ni-Si alloys,92.25,0.5,0.1,0.15,6.0,1.0,1253.0,823.0,6.0,38.0
Cu-6Ni-1Si-0.5Al,Cu-Ni-Si alloys,92.25,0.5,0.1,0.15,6.0,1.0,1253.0,823.0,8.0,38.0
Cu-6Ni-1Si-0.5Al,Cu-Ni-Si alloys,92.25,0.5,0.1,0.15,6.0,1.0,1253.0,673.0,0.083,34.0
Cu-6Ni-1Si-0.5Al,Cu-Ni-Si alloys,92.25,0.5,0.1,0.15,6.0,1.0,1253.0,673.0,0.25,35.0
Cu-6Ni-1Si-0.5Al,Cu-Ni-Si alloys,92.25,0.5,0.1,0.15,6.0,1.0,1253.0,673.0,0.5,36.0
Cu-6Ni-1Si-0.5Al,Cu-Ni-Si alloys,92.25,0.5,0.1,0.15,6.0,1.0,1253.0,673.0,0.75,36.0
Cu-6Ni-1Si-0.5Al,Cu-Ni-Si alloys,92.25,0.5,0.1,0.15,6.0,1.0,1253.0,673.0,1.0,37.0
Cu-6Ni-1Si-0.5Al,Cu-Ni-Si alloys,92.25,0.5,0.1,0.15,6.0,1.0,1253.0,673.0,1.5,37.0
Cu-6Ni-1Si-0.5Al,Cu-Ni-Si alloys,92.25,0.5,0.1,0.15,6.0,1.0,1253.0,673.0,2.0,37.0
Cu-6Ni-1Si-0.5Al,Cu-Ni-Si alloys,92.25,0.5,0.1,0.15,6.0,1.0,1253.0,673.0,3.0,38.0
Cu-6Ni-1Si-0.5Al,Cu-Ni-Si alloys,92.25,0.5,0.1,0.15,6.0,1.0,1253.0,673.0,4.0,39.0
Cu-6Ni-1Si-0.5Al,Cu-Ni-Si alloys,92.25,0.5,0.1,0.15,6.0,1.0,1253.0,673.0,5.0,39.0
Cu-6Ni-1Si-0.5Al,Cu-Ni-Si alloys,92.25,0.5,0.1,0.15,6.0,1.0,1253.0,673.0,6.0,39.0
Cu-6Ni-1Si-0.5Al,Cu-Ni-Si alloys,92.25,0.5,0.1,0.15,6.0,1.0,1253.0,673.0,8.0,40.0
Cu-6Ni-1Si-0.5Al,Cu-Ni-Si alloys,92.25,0.5,0.1,0.15,6.0,1.0,1253.0,723.0,0.083,34.0
Cu-6Ni-1Si-0.5Al,Cu-Ni-Si alloys,92.25,0.5,0.1,0.15,6.0,1.0,1253.0,723.0,0.25,36.0
Cu-6Ni-1Si-0.5Al,Cu-Ni-Si alloys,92.25,0.5,0.1,0.15,6.0,1.0,1253.0,723.0,0.5,36.0
Cu-6Ni-1Si-0.5Al,Cu-Ni-Si alloys,92.25,0.5,0.1,0.15,6.0,1.0,1253.0,723.0,0.75,36.0
Cu-6Ni-1Si-0.5Al,Cu-Ni-Si alloys,92.25,0.5,0.1,0.15,6.0,1.0,1253.0,723.0,1.0,37.0
Cu-6Ni-1Si-0.5Al,Cu-Ni-Si alloys,92.25,0.5,0.1,0.15,6.0,1.0,1253.0,723.0,1.5,37.0
Cu-6Ni-1Si-0.5Al,Cu-Ni-Si alloys,92.25,0.5,0.1,0.15,6.0,1.0,1253.0,723.0,2.0,38.0
Cu-6Ni-1Si-0.5Al,Cu-Ni-Si alloys,92.25,0.5,0.1,0.15,6.0,1.0,1253.0,723.0,3.0,38.0
Cu-6Ni-1Si-0.5Al,Cu-Ni-Si alloys,92.25,0.5,0.1,0.15,6.0,1.0,1253.0,723.0,4.0,39.0
Cu-6Ni-1Si-0.5Al,Cu-Ni-Si alloys,92.25,0.5,0.1,0.15,6.0,1.0,1253.0,723.0,5.0,40.0
Cu-6Ni-1Si-0.5Al,Cu-Ni-Si alloys,92.25,0.5,0.1,0.15,6.0,1.0,1253.0,723.0,6.0,40.0
Cu-6Ni-1Si-0.5Al,Cu-Ni-Si alloys,92.25,0.5,0.1,0.15,6.0,1.0,1253.0,723.0,8.0,41.0
Cu-6Ni-1Si-0.5Al,Cu-Ni-Si alloys,92.25,0.5,0.1,0.15,6.0,1.0,1253.0,773.0,0.083,31.0
Cu-6Ni-1Si-0.5Al,Cu-Ni-Si alloys,92.25,0.5,0.1,0.15,6.0,1.0,1253.0,773.0,0.25,32.0
Cu-6Ni-1Si-0.5Al,Cu-Ni-Si alloys,92.25,0.5,0.1,0.15,6.0,1.0,1253.0,773.0,0.5,34.0
Cu-6Ni-1Si-0.5Al,Cu-Ni-Si alloys,92.25,0.5,0.1,0.15,6.0,1.0,1253.0,773.0,0.75,35.0
Cu-6Ni-1Si-0.5Al,Cu-Ni-Si alloys,92.25,0.5,0.1,0.15,6.0,1.0,1253.0,773.0,1.0,36.0
Cu-6Ni-1Si-0.5Al,Cu-Ni-Si alloys,92.25,0.5,0.1,0.15,6.0,1.0,1253.0,773.0,1.5,37.0
Cu-6Ni-1Si-0.5Al,Cu-Ni-Si alloys,92.25,0.5,0.1,0.15,6.0,1.0,1253.0,773.0,2.0,38.0
Cu-6Ni-1Si-0.5Al,Cu-Ni-Si alloys,92.25,0.5,0.1,0.15,6.0,1.0,1253.0,773.0,3.0,40.0
Cu-6Ni-1Si-0.5Al,Cu-Ni-Si alloys,92.25,0.5,0.1,0.15,6.0,1.0,1253.0,773.0,4.0,41.0
Cu-6Ni-1Si-0.5Al,Cu-Ni-Si alloys,92.25,0.5,0.1,0.15,6.0,1.0,1253.0,773.0,5.0,41.0
Cu-6Ni-1Si-0.5Al,Cu-Ni-Si alloys,92.25,0.5,0.1,0.15,6.0,1.0,1253.0,773.0,6.0,42.0
Cu-6Ni-1Si-0.5Al,Cu-Ni-Si alloys,92.25,0.5,0.1,0.15,6.0,1.0,1253.0,773.0,8.0,42.0
Cu-6Ni-1Si-0.5Al,Cu-Ni-Si alloys,92.25,0.5,0.1,0.15,6.0,1.0,1253.0,823.0,0.083,34.0
Cu-6Ni-1Si-0.5Al,Cu-Ni-Si alloys,92.25,0.5,0.1,0.15,6.0,1.0,1253.0,823.0,0.25,35.0
Cu-6Ni-1Si-0.5Al,Cu-Ni-Si alloys,92.25,0.5,0.1,0.15,6.0,1.0,1253.0,823.0,0.5,36.0
Cu-6Ni-1Si-0.5Al,Cu-Ni-Si alloys,92.25,0.5,0.1,0.15,6.0,1.0,1253.0,823.0,0.75,37.0
Cu-6Ni-1Si-0.5Al,Cu-Ni-Si alloys,92.25,0.5,0.1,0.15,6.0,1.0,1253.0,823.0,1.0,37.0
Cu-6Ni-1Si-0.5Al,Cu-Ni-Si alloys,92.25,0.5,0.1,0.15,6.0,1.0,1253.0,823.0,1.5,38.0
Cu-6Ni-1Si-0.5Al,Cu-Ni-Si alloys,92.25,0.5,0.1,0.15,6.0,1.0,1253.0,823.0,2.0,38.0
Cu-6Ni-1Si-0.5Al,Cu-Ni-Si alloys,92.25,0.5,0.1,0.15,6.0,1.0,1253.0,823.0,3.0,39.0
Cu-6Ni-1Si-0.5Al,Cu-Ni-Si alloys,92.25,0.5,0.1,0.15,6.0,1.0,1253.0,823.0,4.0,39.0
Cu-6Ni-1Si-0.5Al,Cu-Ni-Si alloys,92.25,0.5,0.1,0.15,6.0,1.0,1253.0,823.0,5.0,39.0
Cu-6Ni-1Si-0.5Al,Cu-Ni-Si alloys,92.25,0.5,0.1,0.15,6.0,1.0,1253.0,823.0,6.0,39.0
Cu-6Ni-1Si-0.5Al,Cu-Ni-Si alloys,92.25,0.5,0.1,0.15,6.0,1.0,1253.0,823.0,8.0,39.0
Cu-3.2Ni-1.1Si,Cu-Ni-Si alloys,95.565,0.0,0.0,0.0,3.3,1.135,1173.0,773.0,1.0,19.0
Cu-3.2Ni-1.1Si,Cu-Ni-Si alloys,95.565,0.0,0.0,0.0,3.3,1.135,1173.0,773.0,2.0,19.0
Cu-3.2Ni-1.1Si,Cu-Ni-Si alloys,95.565,0.0,0.0,0.0,3.3,1.135,1173.0,773.0,4.0,19.0
Cu-3.2Ni-1.1Si,Cu-Ni-Si alloys,95.565,0.0,0.0,0.0,3.3,1.135,1173.0,773.0,8.0,19.0
Cu-3.2Ni-0.95Si,Cu-Ni-Si alloys,95.725,0.0,0.0,0.0,3.3,0.975,1173.0,773.0,1.0,24.0
Cu-3.2Ni-0.95Si,Cu-Ni-Si alloys,95.725,0.0,0.0,0.0,3.3,0.975,1173.0,773.0,2.0,25.0
Cu-3.2Ni-0.95Si,Cu-Ni-Si alloys,95.725,0.0,0.0,0.0,3.3,0.975,1173.0,773.0,4.0,26.0
Cu-3.2Ni-0.95Si,Cu-Ni-Si alloys,95.725,0.0,0.0,0.0,3.3,0.975,1173.0,773.0,8.0,27.0
Cu-3.2Ni-0.83Si,Cu-Ni-Si alloys,95.835,0.0,0.0,0.0,3.3,0.865,1173.0,773.0,1.0,31.0
Cu-3.2Ni-0.83Si,Cu-Ni-Si alloys,95.835,0.0,0.0,0.0,3.3,0.865,1173.0,773.0,2.0,31.0
Cu-3.2Ni-0.83Si,Cu-Ni-Si alloys,95.835,0.0,0.0,0.0,3.3,0.865,1173.0,773.0,4.0,32.0
Cu-3.2Ni-0.83Si,Cu-Ni-Si alloys,95.835,0.0,0.0,0.0,3.3,0.865,1173.0,773.0,8.0,33.0
Cu-3.2Ni-0.73Si,Cu-Ni-Si alloys,95.935,0.0,0.0,0.0,3.3,0.765,1173.0,773.0,1.0,37.0
Cu-3.2Ni-0.73Si,Cu-Ni-Si alloys,95.935,0.0,0.0,0.0,3.3,0.765,1173.0,773.0,2.0,38.0
Cu-3.2Ni-0.73Si,Cu-Ni-Si alloys,95.935,0.0,0.0,0.0,3.3,0.765,1173.0,773.0,4.0,39.0
Cu-3.2Ni-0.73Si,Cu-Ni-Si alloys,95.935,0.0,0.0,0.0,3.3,0.765,1173.0,773.0,8.0,41.0
Cu-3.2Ni-0.60Si,Cu-Ni-Si alloys,96.075,0.0,0.0,0.0,3.3,0.625,1173.0,773.0,1.0,40.0
Cu-3.2Ni-0.60Si,Cu-Ni-Si alloys,96.075,0.0,0.0,0.0,3.3,0.625,1173.0,773.0,2.0,42.0
Cu-3.2Ni-0.60Si,Cu-Ni-Si alloys,96.075,0.0,0.0,0.0,3.3,0.625,1173.0,773.0,4.0,44.0
Cu-3.2Ni-0.60Si,Cu-Ni-Si alloys,96.075,0.0,0.0,0.0,3.3,0.625,1173.0,773.0,8.0,47.0
Cu-3.2Ni-0.54Si,Cu-Ni-Si alloys,96.155,0.0,0.0,0.0,3.3,0.545,1173.0,773.0,1.0,39.0
Cu-3.2Ni-0.54Si,Cu-Ni-Si alloys,96.155,0.0,0.0,0.0,3.3,0.545,1173.0,773.0,2.0,40.0
Cu-3.2Ni-0.54Si,Cu-Ni-Si alloys,96.155,0.0,0.0,0.0,3.3,0.545,1173.0,773.0,4.0,42.0
Cu-3.2Ni-0.54Si,Cu-Ni-Si alloys,96.155,0.0,0.0,0.0,3.3,0.545,1173.0,773.0,8.0,46.0
Cu-3.2Ni-0.47Si,Cu-Ni-Si alloys,96.215,0.0,0.0,0.0,3.3,0.485,1173.0,773.0,1.0,37.0
Cu-3.2Ni-0.47Si,Cu-Ni-Si alloys,96.215,0.0,0.0,0.0,3.3,0.485,1173.0,773.0,2.0,39.0
Cu-3.2Ni-0.47Si,Cu-Ni-Si alloys,96.215,0.0,0.0,0.0,3.3,0.485,1173.0,773.0,4.0,40.0
Cu-3.2Ni-0.47Si,Cu-Ni-Si alloys,96.215,0.0,0.0,0.0,3.3,0.485,1173.0,773.0,8.0,43.0
Cu-3.2Ni-0.44Si,Cu-Ni-Si alloys,96.255,0.0,0.0,0.0,3.3,0.445,1173.0,773.0,1.0,35.0
Cu-3.2Ni-0.44Si,Cu-Ni-Si alloys,96.255,0.0,0.0,0.0,3.3,0.445,1173.0,773.0,2.0,37.0
Cu-3.2Ni-0.44Si,Cu-Ni-Si alloys,96.255,0.0,0.0,0.0,3.3,0.445,1173.0,773.0,4.0,38.0
Cu-3.2Ni-0.44Si,Cu-Ni-Si alloys,96.255,0.0,0.0,0.0,3.3,0.445,1173.0,773.0,8.0,40.0
Cu-3.2Ni-0.40Si,Cu-Ni-Si alloys,96.295,0.0,0.0,0.0,3.3,0.405,1173.0,773.0,1.0,33.0
Cu-3.2Ni-0.40Si,Cu-Ni-Si alloys,96.295,0.0,0.0,0.0,3.3,0.405,1173.0,773.0,2.0,35.0
Cu-3.2Ni-0.40Si,Cu-Ni-Si alloys,96.295,0.0,0.0,0.0,3.3,0.405,1173.0,773.0,4.0,35.0
Cu-3.2Ni-0.40Si,Cu-Ni-Si alloys,96.295,0.0,0.0,0.0,3.3,0.405,1173.0,773.0,8.0,37.0
Cu-3.2Ni-0.40Si,Cu-Ni-Si alloys,95.565,0.0,0.0,0.0,3.3,1.135,1173.0,773.0,1.0,18.0
Cu-3.2Ni-0.40Si,Cu-Ni-Si alloys,95.725,0.0,0.0,0.0,3.3,0.975,1173.0,773.0,1.0,25.0
Cu-3.2Ni-0.40Si,Cu-Ni-Si alloys,95.835,0.0,0.0,0.0,3.3,0.865,1173.0,773.0,1.0,30.0
Cu-3.2Ni-0.40Si,Cu-Ni-Si alloys,95.935,0.0,0.0,0.0,3.3,0.765,1173.0,773.0,1.0,36.0
Cu-3.2Ni-0.40Si,Cu-Ni-Si alloys,96.075,0.0,0.0,0.0,3.3,0.625,1173.0,773.0,1.0,39.0
Cu-3.2Ni-0.40Si,Cu-Ni-Si alloys,96.155,0.0,0.0,0.0,3.3,0.545,1173.0,773.0,1.0,38.0
Cu-3.2Ni-0.40Si,Cu-Ni-Si alloys,96.215,0.0,0.0,0.0,3.3,0.485,1173.0,773.0,1.0,37.0
Cu-3.2Ni-0.40Si,Cu-Ni-Si alloys,96.255,0.0,0.0,0.0,3.3,0.445,1173.0,773.0,1.0,35.0
Cu-3.2Ni-0.40Si,Cu-Ni-Si alloys,96.295,0.0,0.0,0.0,3.3,0.405,1173.0,773.0,1.0,35.0
Cu-3.2Ni-0.40Si,Cu-Ni-Si alloys,95.565,0.0,0.0,0.0,3.3,1.135,1173.0,773.0,2.0,19.0
Cu-3.2Ni-0.40Si,Cu-Ni-Si alloys,95.725,0.0,0.0,0.0,3.3,0.975,1173.0,773.0,2.0,26.0
Cu-3.2Ni-0.40Si,Cu-Ni-Si alloys,95.835,0.0,0.0,0.0,3.3,0.865,1173.0,773.0,2.0,32.0
Cu-3.2Ni-0.40Si,Cu-Ni-Si alloys,95.935,0.0,0.0,0.0,3.3,0.765,1173.0,773.0,2.0,38.0
Cu-3.2Ni-0.40Si,Cu-Ni-Si alloys,96.075,0.0,0.0,0.0,3.3,0.625,1173.0,773.0,2.0,41.0
Cu-3.2Ni-0.40Si,Cu-Ni-Si alloys,96.155,0.0,0.0,0.0,3.3,0.545,1173.0,773.0,2.0,41.0
Cu-3.2Ni-0.40Si,Cu-Ni-Si alloys,96.215,0.0,0.0,0.0,3.3,0.485,1173.0,773.0,2.0,39.0
Cu-3.2Ni-0.40Si,Cu-Ni-Si alloys,96.255,0.0,0.0,0.0,3.3,0.445,1173.0,773.0,2.0,38.0
Cu-3.2Ni-0.40Si,Cu-Ni-Si alloys,96.295,0.0,0.0,0.0,3.3,0.405,1173.0,773.0,2.0,38.0
Cu-3.2Ni-0.40Si,Cu-Ni-Si alloys,95.565,0.0,0.0,0.0,3.3,1.135,1173.0,773.0,4.0,20.0
Cu-3.2Ni-0.40Si,Cu-Ni-Si alloys,95.725,0.0,0.0,0.0,3.3,0.975,1173.0,773.0,4.0,27.0
Cu-3.2Ni-0.40Si,Cu-Ni-Si alloys,95.835,0.0,0.0,0.0,3.3,0.865,1173.0,773.0,4.0,34.0
Cu-3.2Ni-0.40Si,Cu-Ni-Si alloys,95.935,0.0,0.0,0.0,3.3,0.765,1173.0,773.0,4.0,41.0
Cu-3.2Ni-0.40Si,Cu-Ni-Si alloys,96.075,0.0,0.0,0.0,3.3,0.625,1173.0,773.0,4.0,45.0
Cu-3.2Ni-0.40Si,Cu-Ni-Si alloys,96.155,0.0,0.0,0.0,3.3,0.545,1173.0,773.0,4.0,44.0
Cu-3.2Ni-0.40Si,Cu-Ni-Si alloys,96.215,0.0,0.0,0.0,3.3,0.485,1173.0,773.0,4.0,42.0
Cu-3.2Ni-0.40Si,Cu-Ni-Si alloys,96.255,0.0,0.0,0.0,3.3,0.445,1173.0,773.0,4.0,40.0
Cu-3.2Ni-0.40Si,Cu-Ni-Si alloys,96.295,0.0,0.0,0.0,3.3,0.405,1173.0,773.0,4.0,40.0
Cu-3.2Ni-0.40Si,Cu-Ni-Si alloys,95.935,0.0,0.0,0.0,3.3,0.765,1173.0,723.0,0.25,27.0
Cu-3.2Ni-0.40Si,Cu-Ni-Si alloys,95.935,0.0,0.0,0.0,3.3,0.765,1173.0,723.0,0.5,28.0
Cu-3.2Ni-0.40Si,Cu-Ni-Si alloys,95.935,0.0,0.0,0.0,3.3,0.765,1173.0,723.0,1.0,31.0
Cu-3.2Ni-0.40Si,Cu-Ni-Si alloys,95.935,0.0,0.0,0.0,3.3,0.765,1173.0,723.0,2.0,33.0
Cu-3.2Ni-0.40Si,Cu-Ni-Si alloys,95.935,0.0,0.0,0.0,3.3,0.765,1173.0,723.0,4.0,36.0
Cu-3.2Ni-0.40Si,Cu-Ni-Si alloys,95.935,0.0,0.0,0.0,3.3,0.765,1173.0,723.0,6.0,37.0
Cu-3.2Ni-0.40Si,Cu-Ni-Si alloys,95.935,0.0,0.0,0.0,3.3,0.765,1173.0,723.0,8.0,38.0
Cu-3.2Ni-0.40Si,Cu-Ni-Si alloys,95.935,0.0,0.0,0.0,3.3,0.765,1173.0,723.0,12.0,39.0
Cu-3.2Ni-0.40Si,Cu-Ni-Si alloys,95.935,0.0,0.0,0.0,3.3,0.765,1173.0,773.0,0.25,28.0
Cu-3.2Ni-0.40Si,Cu-Ni-Si alloys,95.935,0.0,0.0,0.0,3.3,0.765,1173.0,773.0,0.5,32.0
Cu-3.2Ni-0.40Si,Cu-Ni-Si alloys,95.935,0.0,0.0,0.0,3.3,0.765,1173.0,773.0,1.0,36.0
Cu-3.2Ni-0.40Si,Cu-Ni-Si alloys,95.935,0.0,0.0,0.0,3.3,0.765,1173.0,773.0,2.0,38.0
Cu-3.2Ni-0.40Si,Cu-Ni-Si alloys,95.935,0.0,0.0,0.0,3.3,0.765,1173.0,773.0,4.0,40.0
Cu-3.2Ni-0.40Si,Cu-Ni-Si alloys,95.935,0.0,0.0,0.0,3.3,0.765,1173.0,773.0,6.0,41.0
Cu-3.2Ni-0.40Si,Cu-Ni-Si alloys,95.935,0.0,0.0,0.0,3.3,0.765,1173.0,773.0,8.0,42.0
Cu-3.2Ni-0.40Si,Cu-Ni-Si alloys,95.935,0.0,0.0,0.0,3.3,0.765,1173.0,773.0,12.0,42.0
Cu-3.2Ni-0.40Si,Cu-Ni-Si alloys,95.935,0.0,0.0,0.0,3.3,0.765,1173.0,723.0,0.25,29.0
Cu-3.2Ni-0.40Si,Cu-Ni-Si alloys,95.935,0.0,0.0,0.0,3.3,0.765,1173.0,723.0,0.5,38.0
Cu-3.2Ni-0.40Si,Cu-Ni-Si alloys,95.935,0.0,0.0,0.0,3.3,0.765,1173.0,723.0,1.0,38.0
Cu-3.2Ni-0.40Si,Cu-Ni-Si alloys,95.935,0.0,0.0,0.0,3.3,0.765,1173.0,723.0,2.0,41.0
Cu-3.2Ni-0.40Si,Cu-Ni-Si alloys,95.935,0.0,0.0,0.0,3.3,0.765,1173.0,723.0,4.0,47.0
Cu-3.2Ni-0.40Si,Cu-Ni-Si alloys,95.935,0.0,0.0,0.0,3.3,0.765,1173.0,723.0,6.0,47.0
Cu-3.2Ni-0.40Si,Cu-Ni-Si alloys,95.935,0.0,0.0,0.0,3.3,0.765,1173.0,723.0,8.0,48.0
Cu-3.2Ni-0.40Si,Cu-Ni-Si alloys,95.935,0.0,0.0,0.0,3.3,0.765,1173.0,723.0,12.0,48.0
Cu-3.2Ni-0.40Si,Cu-Ni-Si alloys,95.935,0.0,0.0,0.0,3.3,0.765,1173.0,773.0,0.25,32.0
Cu-3.2Ni-0.40Si,Cu-Ni-Si alloys,95.935,0.0,0.0,0.0,3.3,0.765,1173.0,773.0,0.5,34.0
Cu-3.2Ni-0.40Si,Cu-Ni-Si alloys,95.935,0.0,0.0,0.0,3.3,0.765,1173.0,773.0,1.0,37.0
Cu-3.2Ni-0.40Si,Cu-Ni-Si alloys,95.935,0.0,0.0,0.0,3.3,0.765,1173.0,773.0,2.0,41.0
Cu-3.2Ni-0.40Si,Cu-Ni-Si alloys,95.935,0.0,0.0,0.0,3.3,0.765,1173.0,773.0,4.0,44.0
Cu-3.2Ni-0.40Si,Cu-Ni-Si alloys,95.935,0.0,0.0,0.0,3.3,0.765,1173.0,773.0,6.0,45.0
Cu-3.2Ni-0.40Si,Cu-Ni-Si alloys,95.935,0.0,0.0,0.0,3.3,0.765,1173.0,773.0,8.0,47.0
Cu-3.2Ni-0.40Si,Cu-Ni-Si alloys,95.935,0.0,0.0,0.0,3.3,0.765,1173.0,773.0,12.0,48.0
Cu-3.2Ni-0.40Si,Cu-Ni-Si alloys,95.935,0.0,0.0,0.0,3.3,0.765,1173.0,623.0,0.25,37.0
Cu-3.2Ni-0.40Si,Cu-Ni-Si alloys,95.935,0.0,0.0,0.0,3.3,0.765,1173.0,623.0,0.5,37.0
Cu-3.2Ni-0.40Si,Cu-Ni-Si alloys,95.935,0.0,0.0,0.0,3.3,0.765,1173.0,623.0,1.0,38.0
Cu-3.2Ni-0.40Si,Cu-Ni-Si alloys,95.935,0.0,0.0,0.0,3.3,0.765,1173.0,623.0,2.0,39.0
Cu-3.2Ni-0.40Si,Cu-Ni-Si alloys,95.935,0.0,0.0,0.0,3.3,0.765,1173.0,623.0,4.0,40.0
Cu-3.2Ni-0.40Si,Cu-Ni-Si alloys,95.935,0.0,0.0,0.0,3.3,0.765,1173.0,623.0,6.0,41.0
Cu-3.2Ni-0.40Si,Cu-Ni-Si alloys,95.935,0.0,0.0,0.0,3.3,0.765,1173.0,623.0,8.0,42.0
Cu-3.2Ni-0.40Si,Cu-Ni-Si alloys,95.935,0.0,0.0,0.0,3.3,0.765,1173.0,623.0,12.0,43.0
Cu-3.48Ni-0.82Co,Cu-Ni-Si alloys,95.7,0.0,0.0,0.0,3.48,0.82,1173.0,773.0,0.25,31.0
Cu-3.48Ni-0.82Co,Cu-Ni-Si alloys,95.7,0.0,0.0,0.0,3.48,0.82,1173.0,773.0,0.5,35.0
Cu-3.48Ni-0.82Co,Cu-Ni-Si alloys,95.7,0.0,0.0,0.0,3.48,0.82,1173.0,773.0,1.0,37.0
Cu-3.48Ni-0.82Co,Cu-Ni-Si alloys,95.7,0.0,0.0,0.0,3.48,0.82,1173.0,773.0,2.0,39.0
Cu-3.48Ni-0.82Co,Cu-Ni-Si alloys,95.7,0.0,0.0,0.0,3.48,0.82,1173.0,773.0,4.0,40.0
Cu-3.48Ni-0.82Co,Cu-Ni-Si alloys,95.7,0.0,0.0,0.0,3.48,0.82,1173.0,773.0,8.0,40.0
Cu-3Ni-0.7Si,Cu-Ni-Si alloys,96.3,0.0,0.0,0.0,3.0,0.7,1223.0,773.0,0.5,37.0
Cu-3Ni-0.7Si,Cu-Ni-Si alloys,96.3,0.0,0.0,0.0,3.0,0.7,1223.0,773.0,1.0,39.0
Cu-3Ni-0.7Si,Cu-Ni-Si alloys,96.3,0.0,0.0,0.0,3.0,0.7,1223.0,773.0,3.0,43.0
Cu-6Ni-1.43Si,Cu-Ni-Si alloys,92.57,0.0,0.0,0.0,6.0,1.43,1223.0,773.0,0.167,24.0
Cu-6Ni-1.43Si,Cu-Ni-Si alloys,92.57,0.0,0.0,0.0,6.0,1.43,1223.0,773.0,0.333,25.0
Cu-6Ni-1.43Si,Cu-Ni-Si alloys,92.57,0.0,0.0,0.0,6.0,1.43,1223.0,773.0,0.5,28.0
Cu-6Ni-1.43Si,Cu-Ni-Si alloys,92.57,0.0,0.0,0.0,6.0,1.43,1223.0,773.0,1.0,30.0
Cu-6Ni-1.43Si,Cu-Ni-Si alloys,92.57,0.0,0.0,0.0,6.0,1.43,1223.0,773.0,3.0,34.0
Cu-6Ni-1Si-0.5Al-0.15Mg-0.1Cr,Cu-Ni-Si alloys,92.27,0.49,0.11,0.12,5.98,1.03,1243.0,673.0,0.25,20.0
Cu-6Ni-1Si-0.5Al-0.15Mg-0.1Cr,Cu-Ni-Si alloys,92.27,0.49,0.11,0.12,5.98,1.03,1243.0,673.0,0.5,22.0
Cu-6Ni-1Si-0.5Al-0.15Mg-0.1Cr,Cu-Ni-Si alloys,92.27,0.49,0.11,0.12,5.98,1.03,1243.0,673.0,0.75,22.0
Cu-6Ni-1Si-0.5Al-0.15Mg-0.1Cr,Cu-Ni-Si alloys,92.27,0.49,0.11,0.12,5.98,1.03,1243.0,673.0,1.0,23.0
Cu-6Ni-1Si-0.5Al-0.15Mg-0.1Cr,Cu-Ni-Si alloys,92.27,0.49,0.11,0.12,5.98,1.03,1243.0,673.0,1.5,23.0
Cu-6Ni-1Si-0.5Al-0.15Mg-0.1Cr,Cu-Ni-Si alloys,92.27,0.49,0.11,0.12,5.98,1.03,1243.0,673.0,2.0,24.0
Cu-6Ni-1Si-0.5Al-0.15Mg-0.1Cr,Cu-Ni-Si alloys,92.27,0.49,0.11,0.12,5.98,1.03,1243.0,673.0,3.0,25.0
Cu-6Ni-1Si-0.5Al-0.15Mg-0.1Cr,Cu-Ni-Si alloys,92.27,0.49,0.11,0.12,5.98,1.03,1243.0,673.0,4.0,25.0
Cu-6Ni-1Si-0.5Al-0.15Mg-0.1Cr,Cu-Ni-Si alloys,92.27,0.49,0.11,0.12,5.98,1.03,1243.0,673.0,6.0,26.0
Cu-6Ni-1Si-0.5Al-0.15Mg-0.1Cr,Cu-Ni-Si alloys,92.27,0.49,0.11,0.12,5.98,1.03,1243.0,673.0,8.0,27.0
Cu-6Ni-1Si-0.5Al-0.15Mg-0.1Cr,Cu-Ni-Si alloys,92.27,0.49,0.11,0.12,5.98,1.03,1243.0,673.0,12.0,29.0
Cu-6Ni-1Si-0.5Al-0.15Mg-0.1Cr,Cu-Ni-Si alloys,92.27,0.49,0.11,0.12,5.98,1.03,1243.0,673.0,16.0,31.0
Cu-6Ni-1Si-0.5Al-0.15Mg-0.1Cr,Cu-Ni-Si alloys,92.27,0.49,0.11,0.12,5.98,1.03,1243.0,673.0,20.0,32.0
Cu-6Ni-1Si-0.5Al-0.15Mg-0.1Cr,Cu-Ni-Si alloys,92.27,0.49,0.11,0.12,5.98,1.03,1243.0,723.0,0.25,23.0
Cu-6Ni-1Si-0.5Al-0.15Mg-0.1Cr,Cu-Ni-Si alloys,92.27,0.49,0.11,0.12,5.98,1.03,1243.0,723.0,0.5,25.0
Cu-6Ni-1Si-0.5Al-0.15Mg-0.1Cr,Cu-Ni-Si alloys,92.27,0.49,0.11,0.12,5.98,1.03,1243.0,723.0,0.75,26.0
Cu-6Ni-1Si-0.5Al-0.15Mg-0.1Cr,Cu-Ni-Si alloys,92.27,0.49,0.11,0.12,5.98,1.03,1243.0,723.0,1.0,27.0
Cu-6Ni-1Si-0.5Al-0.15Mg-0.1Cr,Cu-Ni-Si alloys,92.27,0.49,0.11,0.12,5.98,1.03,1243.0,723.0,1.5,28.0
Cu-6Ni-1Si-0.5Al-0.15Mg-0.1Cr,Cu-Ni-Si alloys,92.27,0.49,0.11,0.12,5.98,1.03,1243.0,723.0,2.0,28.0
Cu-6Ni-1Si-0.5Al-0.15Mg-0.1Cr,Cu-Ni-Si alloys,92.27,0.49,0.11,0.12,5.98,1.03,1243.0,723.0,3.0,29.0
Cu-6Ni-1Si-0.5Al-0.15Mg-0.1Cr,Cu-Ni-Si alloys,92.27,0.49,0.11,0.12,5.98,1.03,1243.0,723.0,4.0,31.0
Cu-6Ni-1Si-0.5Al-0.15Mg-0.1Cr,Cu-Ni-Si alloys,92.27,0.49,0.11,0.12,5.98,1.03,1243.0,723.0,6.0,32.0
Cu-6Ni-1Si-0.5Al-0.15Mg-0.1Cr,Cu-Ni-Si alloys,92.27,0.49,0.11,0.12,5.98,1.03,1243.0,723.0,8.0,35.0
Cu-6Ni-1Si-0.5Al-0.15Mg-0.1Cr,Cu-Ni-Si alloys,92.27,0.49,0.11,0.12,5.98,1.03,1243.0,723.0,12.0,37.0
Cu-6Ni-1Si-0.5Al-0.15Mg-0.1Cr,Cu-Ni-Si alloys,92.27,0.49,0.11,0.12,5.98,1.03,1243.0,723.0,16.0,38.0
Cu-6Ni-1Si-0.5Al-0.15Mg-0.1Cr,Cu-Ni-Si alloys,92.27,0.49,0.11,0.12,5.98,1.03,1243.0,723.0,20.0,39.0
Cu-6Ni-1Si-0.5Al-0.15Mg-0.1Cr,Cu-Ni-Si alloys,92.27,0.49,0.11,0.12,5.98,1.03,1243.0,773.0,0.25,28.0
Cu-6Ni-1Si-0.5Al-0.15Mg-0.1Cr,Cu-Ni-Si alloys,92.27,0.49,0.11,0.12,5.98,1.03,1243.0,773.0,0.5,29.0
Cu-6Ni-1Si-0.5Al-0.15Mg-0.1Cr,Cu-Ni-Si alloys,92.27,0.49,0.11,0.12,5.98,1.03,1243.0,773.0,0.75,30.0
Cu-6Ni-1Si-0.5Al-0.15Mg-0.1Cr,Cu-Ni-Si alloys,92.27,0.49,0.11,0.12,5.98,1.03,1243.0,773.0,1.0,31.0
Cu-6Ni-1Si-0.5Al-0.15Mg-0.1Cr,Cu-Ni-Si alloys,92.27,0.49,0.11,0.12,5.98,1.03,1243.0,773.0,1.5,33.0
Cu-6Ni-1Si-0.5Al-0.15Mg-0.1Cr,Cu-Ni-Si alloys,92.27,0.49,0.11,0.12,5.98,1.03,1243.0,773.0,2.0,33.0
Cu-6Ni-1Si-0.5Al-0.15Mg-0.1Cr,Cu-Ni-Si alloys,92.27,0.49,0.11,0.12,5.98,1.03,1243.0,773.0,3.0,34.0
Cu-6Ni-1Si-0.5Al-0.15Mg-0.1Cr,Cu-Ni-Si alloys,92.27,0.49,0.11,0.12,5.98,1.03,1243.0,773.0,4.0,36.0
Cu-6Ni-1Si-0.5Al-0.15Mg-0.1Cr,Cu-Ni-Si alloys,92.27,0.49,0.11,0.12,5.98,1.03,1243.0,773.0,6.0,37.0
Cu-6Ni-1Si-0.5Al-0.15Mg-0.1Cr,Cu-Ni-Si alloys,92.27,0.49,0.11,0.12,5.98,1.03,1243.0,773.0,8.0,38.0
Cu-6Ni-1Si-0.5Al-0.15Mg-0.1Cr,Cu-Ni-Si alloys,92.27,0.49,0.11,0.12,5.98,1.03,1243.0,773.0,12.0,39.0
Cu-6Ni-1Si-0.5Al-0.15Mg-0.1Cr,Cu-Ni-Si alloys,92.27,0.49,0.11,0.12,5.98,1.03,1243.0,773.0,16.0,39.0
Cu-6Ni-1Si-0.5Al-0.15Mg-0.1Cr,Cu-Ni-Si alloys,92.27,0.49,0.11,0.12,5.98,1.03,1243.0,773.0,20.0,40.0
Cu-6Ni-1Si-0.5Al-0.15Mg-0.1Cr,Cu-Ni-Si alloys,92.27,0.49,0.11,0.12,5.98,1.03,1243.0,823.0,0.25,29.0
Cu-6Ni-1Si-0.5Al-0.15Mg-0.1Cr,Cu-Ni-Si alloys,92.27,0.49,0.11,0.12,5.98,1.03,1243.0,823.0,0.5,32.0
Cu-6Ni-1Si-0.5Al-0.15Mg-0.1Cr,Cu-Ni-Si alloys,92.27,0.49,0.11,0.12,5.98,1.03,1243.0,823.0,0.75,32.0
Cu-6Ni-1Si-0.5Al-0.15Mg-0.1Cr,Cu-Ni-Si alloys,92.27,0.49,0.11,0.12,5.98,1.03,1243.0,823.0,1.0,33.0
Cu-6Ni-1Si-0.5Al-0.15Mg-0.1Cr,Cu-Ni-Si alloys,92.27,0.49,0.11,0.12,5.98,1.03,1243.0,823.0,1.5,34.0
Cu-6Ni-1Si-0.5Al-0.15Mg-0.1Cr,Cu-Ni-Si alloys,92.27,0.49,0.11,0.12,5.98,1.03,1243.0,823.0,2.0,35.0
Cu-6Ni-1Si-0.5Al-0.15Mg-0.1Cr,Cu-Ni-Si alloys,92.27,0.49,0.11,0.12,5.98,1.03,1243.0,823.0,3.0,36.0
Cu-6Ni-1Si-0.5Al-0.15Mg-0.1Cr,Cu-Ni-Si alloys,92.27,0.49,0.11,0.12,5.98,1.03,1243.0,823.0,4.0,37.0
Cu-6Ni-1Si-0.5Al-0.15Mg-0.1Cr,Cu-Ni-Si alloys,92.27,0.49,0.11,0.12,5.98,1.03,1243.0,823.0,6.0,37.0
Cu-6Ni-1Si-0.5Al-0.15Mg-0.1Cr,Cu-Ni-Si alloys,92.27,0.49,0.11,0.12,5.98,1.03,1243.0,823.0,8.0,38.0
Cu-6Ni-1Si-0.5Al-0.15Mg-0.1Cr,Cu-Ni-Si alloys,92.27,0.49,0.11,0.12,5.98,1.03,1243.0,823.0,12.0,39.0
Cu-6Ni-1Si-0.5Al-0.15Mg-0.1Cr,Cu-Ni-Si alloys,92.27,0.49,0.11,0.12,5.98,1.03,1243.0,823.0,16.0,40.0
Cu-6Ni-1Si-0.5Al-0.15Mg-0.1Cr,Cu-Ni-Si alloys,92.27,0.49,0.11,0.12,5.98,1.03,1243.0,823.0,20.0,40.0
Cu-6Ni-1Si-0.5Al-0.15Mg-0.1Cr,Cu-Ni-Si alloys,92.27,0.49,0.11,0.12,5.98,1.03,1243.0,873.0,0.25,30.0
Cu-6Ni-1Si-0.5Al-0.15Mg-0.1Cr,Cu-Ni-Si alloys,92.27,0.49,0.11,0.12,5.98,1.03,1243.0,873.0,0.5,31.0
Cu-6Ni-1Si-0.5Al-0.15Mg-0.1Cr,Cu-Ni-Si alloys,92.27,0.49,0.11,0.12,5.98,1.03,1243.0,873.0,0.75,30.0
Cu-6Ni-1Si-0.5Al-0.15Mg-0.1Cr,Cu-Ni-Si alloys,92.27,0.49,0.11,0.12,5.98,1.03,1243.0,873.0,1.0,35.0
Cu-6Ni-1Si-0.5Al-0.15Mg-0.1Cr,Cu-Ni-Si alloys,92.27,0.49,0.11,0.12,5.98,1.03,1243.0,873.0,1.5,36.0
Cu-6Ni-1Si-0.5Al-0.15Mg-0.1Cr,Cu-Ni-Si alloys,92.27,0.49,0.11,0.12,5.98,1.03,1243.0,873.0,2.0,37.0
Cu-6Ni-1Si-0.5Al-0.15Mg-0.1Cr,Cu-Ni-Si alloys,92.27,0.49,0.11,0.12,5.98,1.03,1243.0,873.0,3.0,38.0
Cu-6Ni-1Si-0.5Al-0.15Mg-0.1Cr,Cu-Ni-Si alloys,92.27,0.49,0.11,0.12,5.98,1.03,1243.0,873.0,4.0,39.0
Cu-6Ni-1Si-0.5Al-0.15Mg-0.1Cr,Cu-Ni-Si alloys,92.27,0.49,0.11,0.12,5.98,1.03,1243.0,873.0,6.0,39.0
Cu-6Ni-1Si-0.5Al-0.15Mg-0.1Cr,Cu-Ni-Si alloys,92.27,0.49,0.11,0.12,5.98,1.03,1243.0,873.0,8.0,40.0
Cu-6Ni-1Si-0.5Al-0.15Mg-0.1Cr,Cu-Ni-Si alloys,92.27,0.49,0.11,0.12,5.98,1.03,1243.0,873.0,12.0,40.0
Cu-6Ni-1Si-0.5Al-0.15Mg-0.1Cr,Cu-Ni-Si alloys,92.27,0.49,0.11,0.12,5.98,1.03,1243.0,873.0,16.0,41.0
Cu-6Ni-1Si-0.5Al-0.15Mg-0.1Cr,Cu-Ni-Si alloys,92.27,0.49,0.11,0.12,5.98,1.03,1243.0,873.0,20.0,41.0
Cu-6Ni-1Si-0.5Al-0.15Mg-0.1Cr,Cu-Ni-Si alloys,92.27,0.49,0.11,0.12,5.98,1.03,1243.0,923.0,0.25,27.0
Cu-6Ni-1Si-0.5Al-0.15Mg-0.1Cr,Cu-Ni-Si alloys,92.27,0.49,0.11,0.12,5.98,1.03,1243.0,923.0,0.5,31.0
Cu-6Ni-1Si-0.5Al-0.15Mg-0.1Cr,Cu-Ni-Si alloys,92.27,0.49,0.11,0.12,5.98,1.03,1243.0,923.0,0.75,32.0
Cu-6Ni-1Si-0.5Al-0.15Mg-0.1Cr,Cu-Ni-Si alloys,92.27,0.49,0.11,0.12,5.98,1.03,1243.0,923.0,1.0,35.0
Cu-6Ni-1Si-0.5Al-0.15Mg-0.1Cr,Cu-Ni-Si alloys,92.27,0.49,0.11,0.12,5.98,1.03,1243.0,923.0,1.5,36.0
Cu-6Ni-1Si-0.5Al-0.15Mg-0.1Cr,Cu-Ni-Si alloys,92.27,0.49,0.11,0.12,5.98,1.03,1243.0,923.0,2.0,37.0
Cu-6Ni-1Si-0.5Al-0.15Mg-0.1Cr,Cu-Ni-Si alloys,92.27,0.49,0.11,0.12,5.98,1.03,1243.0,923.0,3.0,38.0
Cu-6Ni-1Si-0.5Al-0.15Mg-0.1Cr,Cu-Ni-Si alloys,92.27,0.49,0.11,0.12,5.98,1.03,1243.0,923.0,4.0,39.0
Cu-6Ni-1Si-0.5Al-0.15Mg-0.1Cr,Cu-Ni-Si alloys,92.27,0.49,0.11,0.12,5.98,1.03,1243.0,923.0,6.0,39.0
Cu-6Ni-1Si-0.5Al-0.15Mg-0.1Cr,Cu-Ni-Si alloys,92.27,0.49,0.11,0.12,5.98,1.03,1243.0,923.0,8.0,40.0
Cu-6Ni-1Si-0.5Al-0.15Mg-0.1Cr,Cu-Ni-Si alloys,92.27,0.49,0.11,0.12,5.98,1.03,1243.0,923.0,12.0,40.0
Cu-6Ni-1Si-0.5Al-0.15Mg-0.1Cr,Cu-Ni-Si alloys,92.27,0.49,0.11,0.12,5.98,1.03,1243.0,923.0,16.0,41.0
Cu-6Ni-1Si-0.5Al-0.15Mg-0.1Cr,Cu-Ni-Si alloys,92.27,0.49,0.11,0.12,5.98,1.03,1243.0,923.0,20.0,41.0
Cu-6Ni-1Si-0.5Al-0.15Mg-0.1Cr,Cu-Ni-Si alloys,92.27,0.49,0.11,0.12,5.98,1.03,1243.0,973.0,0.25,30.0
Cu-6Ni-1Si-0.5Al-0.15Mg-0.1Cr,Cu-Ni-Si alloys,92.27,0.49,0.11,0.12,5.98,1.03,1243.0,973.0,0.5,32.0
Cu-6Ni-1Si-0.5Al-0.15Mg-0.1Cr,Cu-Ni-Si alloys,92.27,0.49,0.11,0.12,5.98,1.03,1243.0,973.0,0.75,33.0
Cu-6Ni-1Si-0.5Al-0.15Mg-0.1Cr,Cu-Ni-Si alloys,92.27,0.49,0.11,0.12,5.98,1.03,1243.0,973.0,1.0,36.0
Cu-6Ni-1Si-0.5Al-0.15Mg-0.1Cr,Cu-Ni-Si alloys,92.27,0.49,0.11,0.12,5.98,1.03,1243.0,973.0,1.5,37.0
Cu-6Ni-1Si-0.5Al-0.15Mg-0.1Cr,Cu-Ni-Si alloys,92.27,0.49,0.11,0.12,5.98,1.03,1243.0,973.0,2.0,38.0
Cu-6Ni-1Si-0.5Al-0.15Mg-0.1Cr,Cu-Ni-Si alloys,92.27,0.49,0.11,0.12,5.98,1.03,1243.0,973.0,3.0,39.0
Cu-6Ni-1Si-0.5Al-0.15Mg-0.1Cr,Cu-Ni-Si alloys,92.27,0.49,0.11,0.12,5.98,1.03,1243.0,973.0,4.0,39.0
Cu-6Ni-1Si-0.5Al-0.15Mg-0.1Cr,Cu-Ni-Si alloys,92.27,0.49,0.11,0.12,5.98,1.03,1243.0,973.0,6.0,39.0
Cu-6Ni-1Si-0.5Al-0.15Mg-0.1Cr,Cu-Ni-Si alloys,92.27,0.49,0.11,0.12,5.98,1.03,1243.0,973.0,8.0,40.0
Cu-6Ni-1Si-0.5Al-0.15Mg-0.1Cr,Cu-Ni-Si alloys,92.27,0.49,0.11,0.12,5.98,1.03,1243.0,973.0,12.0,40.0
Cu-6Ni-1Si-0.5Al-0.15Mg-0.1Cr,Cu-Ni-Si alloys,92.27,0.49,0.11,0.12,5.98,1.03,1243.0,973.0,16.0,41.0
Cu-6Ni-1Si-0.5Al-0.15Mg-0.1Cr,Cu-Ni-Si alloys,92.27,0.49,0.11,0.12,5.98,1.03,1243.0,973.0,20.0,42.0
Cu-6Ni-1Si-0.5Al-0.15Mg-0.1Cr,Cu-Ni-Si alloys,92.27,0.49,0.11,0.12,5.98,1.03,1243.0,1023.0,0.25,24.0
Cu-6Ni-1Si-0.5Al-0.15Mg-0.1Cr,Cu-Ni-Si alloys,92.27,0.49,0.11,0.12,5.98,1.03,1243.0,1023.0,0.5,27.0
Cu-6Ni-1Si-0.5Al-0.15Mg-0.1Cr,Cu-Ni-Si alloys,92.27,0.49,0.11,0.12,5.98,1.03,1243.0,1023.0,0.75,35.0
Cu-6Ni-1Si-0.5Al-0.15Mg-0.1Cr,Cu-Ni-Si alloys,92.27,0.49,0.11,0.12,5.98,1.03,1243.0,1023.0,1.0,36.0
Cu-6Ni-1Si-0.5Al-0.15Mg-0.1Cr,Cu-Ni-Si alloys,92.27,0.49,0.11,0.12,5.98,1.03,1243.0,1023.0,1.5,38.0
Cu-6Ni-1Si-0.5Al-0.15Mg-0.1Cr,Cu-Ni-Si alloys,92.27,0.49,0.11,0.12,5.98,1.03,1243.0,1023.0,2.0,38.0
Cu-6Ni-1Si-0.5Al-0.15Mg-0.1Cr,Cu-Ni-Si alloys,92.27,0.49,0.11,0.12,5.98,1.03,1243.0,1023.0,3.0,39.0
Cu-6Ni-1Si-0.5Al-0.15Mg-0.1Cr,Cu-Ni-Si alloys,92.27,0.49,0.11,0.12,5.98,1.03,1243.0,1023.0,4.0,40.0
Cu-6Ni-1Si-0.5Al-0.15Mg-0.1Cr,Cu-Ni-Si alloys,92.27,0.49,0.11,0.12,5.98,1.03,1243.0,1023.0,6.0,40.0
Cu-6Ni-1Si-0.5Al-0.15Mg-0.1Cr,Cu-Ni-Si alloys,92.27,0.49,0.11,0.12,5.98,1.03,1243.0,1023.0,8.0,40.0
Cu-6Ni-1Si-0.5Al-0.15Mg-0.1Cr,Cu-Ni-Si alloys,92.27,0.49,0.11,0.12,5.98,1.03,1243.0,1023.0,12.0,41.0
Cu-6Ni-1Si-0.5Al-0.15Mg-0.1Cr,Cu-Ni-Si alloys,92.27,0.49,0.11,0.12,5.98,1.03,1243.0,1023.0,16.0,41.0
Cu-6Ni-1Si-0.5Al-0.15Mg-0.1Cr,Cu-Ni-Si alloys,92.27,0.49,0.11,0.12,5.98,1.03,1243.0,1023.0,20.0,42.0
Cu-3.91Ni-0.93Si,Cu-Ni-Si alloys,95.16,0.0,0.0,0.0,3.91,0.93,1223.0,723.0,4.0,52.0
Cu-3.52Ni-0.94Si-0.35Cr,Cu-Ni-Si alloys,95.19,0.0,0.35,0.0,3.52,0.94,1223.0,723.0,1.0,32.0
Cu-3.52Ni-0.94Si-0.35Cr,Cu-Ni-Si alloys,95.19,0.0,0.35,0.0,3.52,0.94,1223.0,723.0,2.0,33.0
Cu-3.52Ni-0.94Si-0.35Cr,Cu-Ni-Si alloys,95.19,0.0,0.35,0.0,3.52,0.94,1223.0,723.0,3.0,36.0
Cu-3.52Ni-0.94Si-0.35Cr,Cu-Ni-Si alloys,95.19,0.0,0.35,0.0,3.52,0.94,1223.0,723.0,4.0,36.0
Cu-3.52Ni-0.94Si-0.35Cr,Cu-Ni-Si alloys,95.19,0.0,0.35,0.0,3.52,0.94,1223.0,723.0,8.0,37.0
Cu-3.52Ni-0.94Si-0.35Cr,Cu-Ni-Si alloys,95.19,0.0,0.35,0.0,3.52,0.94,1223.0,723.0,24.0,37.0
Cu-3.51Ni-0.93Si-0.64Mo,Cu-Ni-Si alloys,95.56,0.0,0.0,0.0,3.51,0.93,1223.0,723.0,4.0,37.0
Cu-3.32Ni-0.93Si-0.35Cr-0.30Zr,Cu-Ni-Si alloys,95.75,0.0,0.0,0.0,3.32,0.93,1223.0,723.0,4.0,36.0
Cu-3.32Ni-0.93Si-0.37Fe-0.30Zr,Cu-Ni-Si alloys,95.75,0.0,0.0,0.0,3.32,0.93,1223.0,723.0,4.0,35.0
Cu-4.95Ni-1.20Si,Cu-Ni-Si alloys,93.86,0.0,0.0,0.0,4.95,1.19,1223.0,723.0,4.0,49.0
Cu-4.95Ni-1.20Si,Cu-Ni-Si alloys,94.2,0.0,0.0,0.0,4.7,1.1,1223.0,723.0,4.0,51.0
Cu-4.95Ni-1.20Si,Cu-Ni-Si alloys,94.4,0.0,0.0,0.0,4.5,1.1,1223.0,723.0,4.0,51.0
Cu-4.95Ni-1.20Si,Cu-Ni-Si alloys,94.8,0.0,0.0,0.0,4.2,1.0,1223.0,723.0,4.0,51.0
Cu-4.95Ni-1.20Si,Cu-Ni-Si alloys,95.1,0.0,0.0,0.0,4.0,0.9,1223.0,723.0,4.0,52.0
Cu-4.95Ni-1.20Si,Cu-Ni-Si alloys,95.5,0.0,0.0,0.0,3.6,0.9,1223.0,723.0,4.0,51.0
Cu-4.95Ni-1.20Si,Cu-Ni-Si alloys,95.9,0.0,0.0,0.0,3.3,0.8,1223.0,723.0,4.0,50.0
Cu-4.95Ni-1.20Si,Cu-Ni-Si alloys,96.1,0.0,0.0,0.0,3.1,0.8,1223.0,723.0,4.0,51.0
Cu-4.95Ni-1.20Si,Cu-Ni-Si alloys,96.75,0.0,0.0,0.0,2.62,0.63,1223.0,723.0,4.0,39.0
Cu-4.95Ni-1.20Si,Cu-Ni-Si alloys,97.4,0.0,0.0,0.0,2.1,0.5,1223.0,723.0,4.0,40.0
Cu-4.95Ni-1.20Si,Cu-Ni-Si alloys,98.1,0.0,0.0,0.0,1.5,0.4,1223.0,723.0,4.0,48.0
Cu-4.1Ni-1Si,Cu-Ni-Si alloys,94.93,0.0,0.0,0.0,4.1,0.97,1173.0,723.0,1.0,27.0
Cu-4.1Ni-1Si,Cu-Ni-Si alloys,94.93,0.0,0.0,0.0,4.1,0.97,1173.0,723.0,2.0,29.0
Cu-4.1Ni-1Si,Cu-Ni-Si alloys,94.93,0.0,0.0,0.0,4.1,0.97,1173.0,723.0,4.0,32.0
Cu-4.1Ni-1Si,Cu-Ni-Si alloys,94.93,0.0,0.0,0.0,4.1,0.97,1173.0,723.0,8.0,34.0
Cu-4.1Ni-1Si,Cu-Ni-Si alloys,94.93,0.0,0.0,0.0,4.1,0.97,1173.0,723.0,16.0,38.0
Cu-4.1Ni-1Si,Cu-Ni-Si alloys,94.93,0.0,0.0,0.0,4.1,0.97,1173.0,723.0,25.0,43.0
Cu-4.1Ni-1Si,Cu-Ni-Si alloys,94.93,0.0,0.0,0.0,4.1,0.97,1173.0,723.0,48.0,46.0
Cu-4.1Ni-1Si,Cu-Ni-Si alloys,94.93,0.0,0.0,0.0,4.1,0.97,1173.0,723.0,120.0,50.0
Cu-4.1Ni-1Si,Cu-Ni-Si alloys,94.93,0.0,0.0,0.0,4.1,0.97,1173.0,723.0,240.0,52.0
Cu-4.1Ni-1Si,Cu-Ni-Si alloys,94.93,0.0,0.0,0.0,4.1,0.97,1173.0,723.0,408.0,52.0
Cu-2.8Ni-0.8Si-0.8Cr,Cu-Ni-Si alloys,95.6,0.0,0.8,0.0,2.8,0.8,1173.0,773.0,0.5,31.0
Cu-2.8Ni-0.8Si-0.8Cr,Cu-Ni-Si alloys,95.6,0.0,0.8,0.0,2.8,0.8,1173.0,773.0,1.0,37.0
Cu-2.8Ni-0.8Si-0.8Cr,Cu-Ni-Si alloys,95.6,0.0,0.8,0.0,2.8,0.8,1173.0,773.0,2.0,43.0
Cu-2.8Ni-0.8Si-0.8Cr,Cu-Ni-Si alloys,95.6,0.0,0.8,0.0,2.8,0.8,1173.0,773.0,3.5,47.0
Cu-2.8Ni-0.8Si-0.8Cr,Cu-Ni-Si alloys,95.6,0.0,0.8,0.0,2.8,0.8,1173.0,773.0,5.0,48.0
Cu-2Ni-0.5Si,Cu-Ni-Si alloys,97.56,0.0,0.0,0.0,1.92,0.52,1233.0,723.0,0.167,29.0
Cu-2Ni-0.5Si,Cu-Ni-Si alloys,97.56,0.0,0.0,0.0,1.92,0.52,1233.0,723.0,0.5,36.0
Cu-2Ni-0.5Si,Cu-Ni-Si alloys,97.56,0.0,0.0,0.0,1.92,0.52,1233.0,723.0,1.0,38.0
Cu-2Ni-0.5Si,Cu-Ni-Si alloys,97.56,0.0,0.0,0.0,1.92,0.52,1233.0,723.0,2.0,41.0
Cu-2Ni-0.5Si,Cu-Ni-Si alloys,97.56,0.0,0.0,0.0,1.92,0.52,1233.0,723.0,3.0,44.0
Cu-2Ni-0.5Si,Cu-Ni-Si alloys,97.56,0.0,0.0,0.0,1.92,0.52,1233.0,723.0,4.0,45.0
Cu-2Ni-0.5Si,Cu-Ni-Si alloys,97.56,0.0,0.0,0.0,1.92,0.52,1233.0,773.0,0.167,37.0
Cu-2Ni-0.5Si,Cu-Ni-Si alloys,97.56,0.0,0.0,0.0,1.92,0.52,1233.0,773.0,0.5,39.0
Cu-2Ni-0.5Si,Cu-Ni-Si alloys,97.56,0.0,0.0,0.0,1.92,0.52,1233.0,773.0,1.5,44.0
Cu-2Ni-0.5Si,Cu-Ni-Si alloys,97.56,0.0,0.0,0.0,1.92,0.52,1233.0,773.0,2.0,46.0
Cu-2Ni-0.5Si,Cu-Ni-Si alloys,97.56,0.0,0.0,0.0,1.92,0.52,1233.0,773.0,2.5,47.0
Cu-2Ni-0.5Si,Cu-Ni-Si alloys,97.56,0.0,0.0,0.0,1.92,0.52,1233.0,773.0,3.0,47.0
Cu-2Ni-0.5Si,Cu-Ni-Si alloys,97.56,0.0,0.0,0.0,1.92,0.52,1233.0,648.0,8.0,47.0
Cu-2Ni-0.5Si,Cu-Ni-Si alloys,97.56,0.0,0.0,0.0,1.92,0.52,1233.0,623.0,1.0,25.0
Cu-2Ni-0.5Si,Cu-Ni-Si alloys,97.56,0.0,0.0,0.0,1.92,0.52,1233.0,673.0,1.0,32.0
Cu-2Ni-0.5Si,Cu-Ni-Si alloys,97.56,0.0,0.0,0.0,1.92,0.52,1233.0,698.0,1.0,35.0
Cu-2Ni-0.5Si,Cu-Ni-Si alloys,97.56,0.0,0.0,0.0,1.92,0.52,1233.0,748.0,1.0,40.0
Cu-2Ni-0.5Si,Cu-Ni-Si alloys,97.56,0.0,0.0,0.0,1.92,0.52,1233.0,773.0,1.0,42.0
Cu-2Ni-0.5Si,Cu-Ni-Si alloys,97.56,0.0,0.0,0.0,1.92,0.52,1233.0,823.0,1.0,42.0
Cu-2Ni-0.5Si-0.3Cr,Cu-Ni-Si alloys,97.29,0.0,0.4,0.0,1.83,0.49,1233.0,723.0,0.167,31.0
Cu-2Ni-0.5Si-0.3Cr,Cu-Ni-Si alloys,97.29,0.0,0.4,0.0,1.83,0.49,1233.0,723.0,0.5,36.0
Cu-2Ni-0.5Si-0.3Cr,Cu-Ni-Si alloys,97.29,0.0,0.4,0.0,1.83,0.49,1233.0,723.0,1.0,39.0
Cu-2Ni-0.5Si-0.3Cr,Cu-Ni-Si alloys,97.29,0.0,0.4,0.0,1.83,0.49,1233.0,723.0,2.0,43.0
Cu-2Ni-0.5Si-0.3Cr,Cu-Ni-Si alloys,97.29,0.0,0.4,0.0,1.83,0.49,1233.0,723.0,3.0,45.0
Cu-2Ni-0.5Si-0.3Cr,Cu-Ni-Si alloys,97.29,0.0,0.4,0.0,1.83,0.49,1233.0,723.0,4.0,47.0
Cu-2Ni-0.5Si-0.3Cr,Cu-Ni-Si alloys,97.29,0.0,0.4,0.0,1.83,0.49,1233.0,773.0,0.167,37.0
Cu-2Ni-0.5Si-0.3Cr,Cu-Ni-Si alloys,97.29,0.0,0.4,0.0,1.83,0.49,1233.0,773.0,0.5,42.0
Cu-2Ni-0.5Si-0.3Cr,Cu-Ni-Si alloys,97.29,0.0,0.4,0.0,1.83,0.49,1233.0,773.0,1.5,47.0
Cu-2Ni-0.5Si-0.3Cr,Cu-Ni-Si alloys,97.29,0.0,0.4,0.0,1.83,0.49,1233.0,773.0,2.0,48.0
Cu-2Ni-0.5Si-0.3Cr,Cu-Ni-Si alloys,97.29,0.0,0.4,0.0,1.83,0.49,1233.0,773.0,2.5,50.0
Cu-2Ni-0.5Si-0.3Cr,Cu-Ni-Si alloys,97.29,0.0,0.4,0.0,1.83,0.49,1233.0,773.0,3.0,50.0
Cu-2Ni-0.5Si-0.3Cr,Cu-Ni-Si alloys,97.29,0.0,0.4,0.0,1.83,0.49,1233.0,648.0,8.0,50.0
Cu-2Ni-0.5Si-0.3Cr,Cu-Ni-Si alloys,97.29,0.0,0.4,0.0,1.83,0.49,1233.0,623.0,1.0,25.0
Cu-2Ni-0.5Si-0.3Cr,Cu-Ni-Si alloys,97.29,0.0,0.4,0.0,1.83,0.49,1233.0,673.0,1.0,32.0
Cu-2Ni-0.5Si-0.3Cr,Cu-Ni-Si alloys,97.29,0.0,0.4,0.0,1.83,0.49,1233.0,698.0,1.0,36.0
Cu-2Ni-0.5Si-0.3Cr,Cu-Ni-Si alloys,97.29,0.0,0.4,0.0,1.83,0.49,1233.0,748.0,1.0,42.0
Cu-2Ni-0.5Si-0.3Cr,Cu-Ni-Si alloys,97.29,0.0,0.4,0.0,1.83,0.49,1233.0,773.0,1.0,44.0
Cu-2Ni-0.5Si-0.3Cr,Cu-Ni-Si alloys,97.29,0.0,0.4,0.0,1.83,0.49,1233.0,823.0,1.0,46.0
Cu-4Ni-1Si,Cu-Ni-Si alloys,95.05,0.0,0.0,0.0,4.0,0.95,1273.0,723.0,5.0,46.0
Cu-2.8Ni-0.6Si,Cu-Ni-Si alloys,96.6,0.0,0.0,0.0,2.8,0.6,1173.0,673.0,0.5,24.0
Cu-2.8Ni-0.6Si,Cu-Ni-Si alloys,96.6,0.0,0.0,0.0,2.8,0.6,1173.0,673.0,1.0,27.0
Cu-2.8Ni-0.6Si,Cu-Ni-Si alloys,96.6,0.0,0.0,0.0,2.8,0.6,1173.0,673.0,2.0,30.0
Cu-2.8Ni-0.6Si,Cu-Ni-Si alloys,96.6,0.0,0.0,0.0,2.8,0.6,1173.0,673.0,4.0,32.0
Cu-2.8Ni-0.6Si,Cu-Ni-Si alloys,96.6,0.0,0.0,0.0,2.8,0.6,1173.0,673.0,8.0,34.0
Cu-2.8Ni-0.6Si,Cu-Ni-Si alloys,96.6,0.0,0.0,0.0,2.8,0.6,1173.0,673.0,16.0,35.0
Cu-2.8Ni-0.6Si,Cu-Ni-Si alloys,96.6,0.0,0.0,0.0,2.8,0.6,1173.0,723.0,0.5,29.0
Cu-2.8Ni-0.6Si,Cu-Ni-Si alloys,96.6,0.0,0.0,0.0,2.8,0.6,1173.0,723.0,1.0,31.0
Cu-2.8Ni-0.6Si,Cu-Ni-Si alloys,96.6,0.0,0.0,0.0,2.8,0.6,1173.0,723.0,2.0,34.0
Cu-2.8Ni-0.6Si,Cu-Ni-Si alloys,96.6,0.0,0.0,0.0,2.8,0.6,1173.0,723.0,4.0,37.0
Cu-2.8Ni-0.6Si,Cu-Ni-Si alloys,96.6,0.0,0.0,0.0,2.8,0.6,1173.0,723.0,8.0,41.0
Cu-2.8Ni-0.6Si,Cu-Ni-Si alloys,96.6,0.0,0.0,0.0,2.8,0.6,1173.0,723.0,16.0,44.0
Cu-2.8Ni-0.6Si,Cu-Ni-Si alloys,96.6,0.0,0.0,0.0,2.8,0.6,1173.0,773.0,0.5,33.0
Cu-2.8Ni-0.6Si,Cu-Ni-Si alloys,96.6,0.0,0.0,0.0,2.8,0.6,1173.0,773.0,1.0,36.0
Cu-2.8Ni-0.6Si,Cu-Ni-Si alloys,96.6,0.0,0.0,0.0,2.8,0.6,1173.0,773.0,2.0,40.0
Cu-2.8Ni-0.6Si,Cu-Ni-Si alloys,96.6,0.0,0.0,0.0,2.8,0.6,1173.0,773.0,4.0,43.0
Cu-2.8Ni-0.6Si,Cu-Ni-Si alloys,96.6,0.0,0.0,0.0,2.8,0.6,1173.0,773.0,8.0,45.0
Cu-2.8Ni-0.6Si,Cu-Ni-Si alloys,96.6,0.0,0.0,0.0,2.8,0.6,1173.0,773.0,16.0,47.0
Cu-2.8Ni-0.6Si,Cu-Ni-Si alloys,96.6,0.0,0.0,0.0,2.8,0.6,1173.0,823.0,0.5,38.0
Cu-2.8Ni-0.6Si,Cu-Ni-Si alloys,96.6,0.0,0.0,0.0,2.8,0.6,1173.0,823.0,1.0,39.0
Cu-2.8Ni-0.6Si,Cu-Ni-Si alloys,96.6,0.0,0.0,0.0,2.8,0.6,1173.0,823.0,2.0,42.0
Cu-2.8Ni-0.6Si,Cu-Ni-Si alloys,96.6,0.0,0.0,0.0,2.8,0.6,1173.0,823.0,4.0,42.0
Cu-2.8Ni-0.6Si,Cu-Ni-Si alloys,96.6,0.0,0.0,0.0,2.8,0.6,1173.0,823.0,8.0,44.0
Cu-2.8Ni-0.6Si,Cu-Ni-Si alloys,96.6,0.0,0.0,0.0,2.8,0.6,1173.0,823.0,16.0,46.0
Cu-2.8Ni-0.6Si,Cu-Ni-Si alloys,96.6,0.0,0.0,0.0,2.8,0.6,1173.0,873.0,0.5,38.0
Cu-2.8Ni-0.6Si,Cu-Ni-Si alloys,96.6,0.0,0.0,0.0,2.8,0.6,1173.0,873.0,1.0,39.0
Cu-2.8Ni-0.6Si,Cu-Ni-Si alloys,96.6,0.0,0.0,0.0,2.8,0.6,1173.0,873.0,2.0,39.0
Cu-2.8Ni-0.6Si,Cu-Ni-Si alloys,96.6,0.0,0.0,0.0,2.8,0.6,1173.0,873.0,4.0,40.0
Cu-2.8Ni-0.6Si,Cu-Ni-Si alloys,96.6,0.0,0.0,0.0,2.8,0.6,1173.0,873.0,8.0,41.0
Cu-2.8Ni-0.6Si,Cu-Ni-Si alloys,96.6,0.0,0.0,0.0,2.8,0.6,1173.0,873.0,16.0,43.0
Cu-2.25Ni-0.92Si,Cu-Ni-Si alloys,96.83,0.0,0.0,0.0,2.25,0.92,1173.0,720.0,1.67,19.0
Cu-2.42Ni-0.88Si,Cu-Ni-Si alloys,96.7,0.0,0.0,0.0,2.42,0.88,1173.0,720.0,11.11,29.0
Cu-2.9Ni-0.65Si,Cu-Ni-Si alloys,96.45,0.0,0.0,0.0,2.9,0.65,1173.0,720.0,5.56,27.0
Cu-2.4Ni-0.6Si,Cu-Ni-Si alloys,97.0,0.0,0.0,0.0,2.4,0.6,1173.0,723.0,2.0,48.0
Cu-3.44Ni-0.86Si,Cu-Ni-Si alloys,95.7,0.0,0.0,0.0,3.44,0.86,1173.0,773.0,1.0,43.0
Cu-1.5Ni-1.5Si,Cu-Ni-Si alloys,97.943,0.0,0.0,0.0,1.39,0.67,1223.0,773.0,0.083,22.0
Cu-1.5Ni-1.5Si,Cu-Ni-Si alloys,97.943,0.0,0.0,0.0,1.39,0.67,1223.0,773.0,0.033333333,21.0
Cu-1.5Ni-1.5Si,Cu-Ni-Si alloys,97.943,0.0,0.0,0.0,1.39,0.67,1223.0,773.0,0.166666667,21.0
Cu-1.5Ni-1.5Si,Cu-Ni-Si alloys,97.943,0.0,0.0,0.0,1.39,0.67,1223.0,773.0,0.333333333,21.0
Cu-1.5Ni-1.5Si,Cu-Ni-Si alloys,97.943,0.0,0.0,0.0,1.39,0.67,1223.0,773.0,1.0,22.0
Cu-1.5Ni-1.5Si,Cu-Ni-Si alloys,97.943,0.0,0.0,0.0,1.39,0.67,1223.0,773.0,2.0,23.0
Cu-1.5Ni-1.5Si,Cu-Ni-Si alloys,97.943,0.0,0.0,0.0,1.39,0.67,1223.0,773.0,4.0,28.0
Cu-1.5Ni-1.5Si,Cu-Ni-Si alloys,97.943,0.0,0.0,0.0,1.39,0.67,1223.0,773.0,8.0,31.0
Cu-1.5Ni-1.5Si,Cu-Ni-Si alloys,97.943,0.0,0.0,0.0,1.39,0.67,1223.0,773.0,22.5,32.0
Cu-2.5Ni-2.5Si,Cu-Ni-Si alloys,96.572,0.0,0.0,0.0,2.34,1.09,1223.0,773.0,0.033333333,19.0
Cu-2.5Ni-2.5Si,Cu-Ni-Si alloys,96.572,0.0,0.0,0.0,2.34,1.09,1223.0,773.0,0.083333333,21.0
Cu-2.5Ni-2.5Si,Cu-Ni-Si alloys,96.572,0.0,0.0,0.0,2.34,1.09,1223.0,773.0,0.166666667,21.0
Cu-2.5Ni-2.5Si,Cu-Ni-Si alloys,96.572,0.0,0.0,0.0,2.34,1.09,1223.0,773.0,1.0,23.0
Cu-2.5Ni-2.5Si,Cu-Ni-Si alloys,96.572,0.0,0.0,0.0,2.34,1.09,1223.0,773.0,2.0,23.0
Cu-2.5Ni-2.5Si,Cu-Ni-Si alloys,96.572,0.0,0.0,0.0,2.34,1.09,1223.0,773.0,4.0,23.0
Cu-2.5Ni-2.5Si,Cu-Ni-Si alloys,96.572,0.0,0.0,0.0,2.34,1.09,1223.0,773.0,7.0,23.0
Cu-2.5Ni-2.5Si,Cu-Ni-Si alloys,96.572,0.0,0.0,0.0,2.34,1.09,1223.0,773.0,70.0,24.0
Cu-4.0Ni-4.0Si,Cu-Ni-Si alloys,94.402,0.0,0.0,0.0,3.77,1.83,1223.0,773.0,0.033333333,16.0
Cu-4.0Ni-4.0Si,Cu-Ni-Si alloys,94.402,0.0,0.0,0.0,3.77,1.83,1223.0,773.0,0.083333333,16.0
Cu-4.0Ni-4.0Si,Cu-Ni-Si alloys,94.402,0.0,0.0,0.0,3.77,1.83,1223.0,773.0,0.166666667,16.0
Cu-4.0Ni-4.0Si,Cu-Ni-Si alloys,94.402,0.0,0.0,0.0,3.77,1.83,1223.0,773.0,0.333333333,16.0
Cu-4.0Ni-4.0Si,Cu-Ni-Si alloys,94.402,0.0,0.0,0.0,3.77,1.83,1223.0,773.0,1.0,16.0
Cu-4.0Ni-4.0Si,Cu-Ni-Si alloys,94.402,0.0,0.0,0.0,3.77,1.83,1223.0,773.0,2.0,17.0
Cu-4.0Ni-4.0Si,Cu-Ni-Si alloys,94.402,0.0,0.0,0.0,3.77,1.83,1223.0,773.0,4.0,17.0
Cu-4.0Ni-4.0Si,Cu-Ni-Si alloys,94.402,0.0,0.0,0.0,3.77,1.83,1223.0,773.0,6.0,17.0
Cu-4.0Ni-4.0Si,Cu-Ni-Si alloys,94.402,0.0,0.0,0.0,3.77,1.83,1223.0,773.0,21.0,17.0
Cu-1.5Ni-0.8Si,Cu-Ni-Si alloys,98.283,0.0,0.0,0.0,1.38,0.33,1223.0,773.0,0.033333333,30.0
Cu-1.5Ni-0.8Si,Cu-Ni-Si alloys,98.283,0.0,0.0,0.0,1.38,0.33,1223.0,773.0,0.083333333,31.0
Cu-1.5Ni-0.8Si,Cu-Ni-Si alloys,98.283,0.0,0.0,0.0,1.38,0.33,1223.0,773.0,0.166666667,31.0
Cu-1.5Ni-0.8Si,Cu-Ni-Si alloys,98.283,0.0,0.0,0.0,1.38,0.33,1223.0,773.0,0.333333333,30.0
Cu-1.5Ni-0.8Si,Cu-Ni-Si alloys,98.283,0.0,0.0,0.0,1.38,0.33,1223.0,773.0,1.0,30.0
Cu-1.5Ni-0.8Si,Cu-Ni-Si alloys,98.283,0.0,0.0,0.0,1.38,0.33,1223.0,773.0,2.0,30.0
Cu-1.5Ni-0.8Si,Cu-Ni-Si alloys,98.283,0.0,0.0,0.0,1.38,0.33,1223.0,773.0,4.0,31.0
Cu-1.5Ni-0.8Si,Cu-Ni-Si alloys,98.283,0.0,0.0,0.0,1.38,0.33,1223.0,773.0,8.0,32.0
Cu-1.5Ni-0.8Si,Cu-Ni-Si alloys,98.283,0.0,0.0,0.0,1.38,0.33,1223.0,773.0,22.0,35.0
Cu-2.5Ni-1.3Si,Cu-Ni-Si alloys,97.128,0.0,0.0,0.0,2.32,0.56,1223.0,773.0,0.033333333,67.0
Cu-2.5Ni-1.3Si,Cu-Ni-Si alloys,97.128,0.0,0.0,0.0,2.32,0.56,1223.0,773.0,0.083333333,51.0
Cu-2.5Ni-1.3Si,Cu-Ni-Si alloys,97.128,0.0,0.0,0.0,2.32,0.56,1223.0,773.0,0.166666667,45.0
Cu-2.5Ni-1.3Si,Cu-Ni-Si alloys,97.128,0.0,0.0,0.0,2.32,0.56,1223.0,773.0,0.333333333,44.0
Cu-2.5Ni-1.3Si,Cu-Ni-Si alloys,97.128,0.0,0.0,0.0,2.32,0.56,1223.0,773.0,1.0,43.0
Cu-2.5Ni-1.3Si,Cu-Ni-Si alloys,97.128,0.0,0.0,0.0,2.32,0.56,1223.0,773.0,2.0,40.0
Cu-2.5Ni-1.3Si,Cu-Ni-Si alloys,97.128,0.0,0.0,0.0,2.32,0.56,1223.0,773.0,4.0,40.0
Cu-2.5Ni-1.3Si,Cu-Ni-Si alloys,97.128,0.0,0.0,0.0,2.32,0.56,1223.0,773.0,7.0,37.0
Cu-2.5Ni-1.3Si,Cu-Ni-Si alloys,97.128,0.0,0.0,0.0,2.32,0.56,1223.0,773.0,22.0,36.0
Cu-4.0Ni-2.0Si,Cu-Ni-Si alloys,95.339,0.0,0.0,0.0,3.77,0.89,1223.0,773.0,0.033333333,32.0
Cu-4.0Ni-2.0Si,Cu-Ni-Si alloys,95.339,0.0,0.0,0.0,3.77,0.89,1223.0,773.0,0.083333333,34.0
Cu-4.0Ni-2.0Si,Cu-Ni-Si alloys,95.339,0.0,0.0,0.0,3.77,0.89,1223.0,773.0,0.166666667,34.0
Cu-4.0Ni-2.0Si,Cu-Ni-Si alloys,95.339,0.0,0.0,0.0,3.77,0.89,1223.0,773.0,0.333333333,35.0
Cu-4.0Ni-2.0Si,Cu-Ni-Si alloys,95.339,0.0,0.0,0.0,3.77,0.89,1223.0,773.0,1.0,36.0
Cu-4.0Ni-2.0Si,Cu-Ni-Si alloys,95.339,0.0,0.0,0.0,3.77,0.89,1223.0,773.0,2.0,38.0
Cu-4.0Ni-2.0Si,Cu-Ni-Si alloys,95.339,0.0,0.0,0.0,3.77,0.89,1223.0,773.0,4.0,48.0
Cu-4.0Ni-2.0Si,Cu-Ni-Si alloys,95.339,0.0,0.0,0.0,3.77,0.89,1223.0,773.0,6.0,53.0
Cu-4.0Ni-2.0Si,Cu-Ni-Si alloys,95.339,0.0,0.0,0.0,3.77,0.89,1223.0,773.0,22.0,55.0
Cu-1.5Ni-0.6Si,Cu-Ni-Si alloys,98.347,0.0,0.0,0.0,1.38,0.27,1223.0,773.0,0.033333333,32.0
Cu-1.5Ni-0.6Si,Cu-Ni-Si alloys,98.347,0.0,0.0,0.0,1.38,0.27,1223.0,773.0,0.083333333,31.0
Cu-1.5Ni-0.6Si,Cu-Ni-Si alloys,98.347,0.0,0.0,0.0,1.38,0.27,1223.0,773.0,0.166666667,31.0
Cu-1.5Ni-0.6Si,Cu-Ni-Si alloys,98.347,0.0,0.0,0.0,1.38,0.27,1223.0,773.0,0.333333333,32.0
Cu-1.5Ni-0.6Si,Cu-Ni-Si alloys,98.347,0.0,0.0,0.0,1.38,0.27,1223.0,773.0,1.0,32.0
Cu-1.5Ni-0.6Si,Cu-Ni-Si alloys,98.347,0.0,0.0,0.0,1.38,0.27,1223.0,773.0,2.0,32.0
Cu-1.5Ni-0.6Si,Cu-Ni-Si alloys,98.347,0.0,0.0,0.0,1.38,0.27,1223.0,773.0,4.0,32.0
Cu-1.5Ni-0.6Si,Cu-Ni-Si alloys,98.347,0.0,0.0,0.0,1.38,0.27,1223.0,773.0,6.0,32.0
Cu-1.5Ni-0.6Si,Cu-Ni-Si alloys,98.347,0.0,0.0,0.0,1.38,0.27,1223.0,773.0,22.0,35.0
Cu-1.5Ni-0.6Si,Cu-Ni-Si alloys,97.24,0.0,0.0,0.0,2.31,0.45,1223.0,773.0,0.033333333,26.0
Cu-1.5Ni-0.6Si,Cu-Ni-Si alloys,97.24,0.0,0.0,0.0,2.31,0.45,1223.0,773.0,0.083333333,30.0
Cu-1.5Ni-0.6Si,Cu-Ni-Si alloys,97.24,0.0,0.0,0.0,2.31,0.45,1223.0,773.0,0.166666667,38.0
Cu-1.5Ni-0.6Si,Cu-Ni-Si alloys,97.24,0.0,0.0,0.0,2.31,0.45,1223.0,773.0,0.333333333,40.0
Cu-1.5Ni-0.6Si,Cu-Ni-Si alloys,97.24,0.0,0.0,0.0,2.31,0.45,1223.0,773.0,1.0,42.0
Cu-1.5Ni-0.6Si,Cu-Ni-Si alloys,97.24,0.0,0.0,0.0,2.31,0.45,1223.0,773.0,2.0,45.0
Cu-1.5Ni-0.6Si,Cu-Ni-Si alloys,97.24,0.0,0.0,0.0,2.31,0.45,1223.0,773.0,4.0,45.0
Cu-1.5Ni-0.6Si,Cu-Ni-Si alloys,97.24,0.0,0.0,0.0,2.31,0.45,1223.0,773.0,8.0,47.0
Cu-1.5Ni-0.6Si,Cu-Ni-Si alloys,97.24,0.0,0.0,0.0,2.31,0.45,1223.0,773.0,22.0,51.0
Cu-4.0Ni-1.6Si,Cu-Ni-Si alloys,95.518,0.0,0.0,0.0,3.78,0.71,1223.0,773.0,0.033333333,30.0
Cu-4.0Ni-1.6Si,Cu-Ni-Si alloys,95.518,0.0,0.0,0.0,3.78,0.71,1223.0,773.0,0.083333333,33.0
Cu-4.0Ni-1.6Si,Cu-Ni-Si alloys,95.518,0.0,0.0,0.0,3.78,0.71,1223.0,773.0,0.166666667,34.0
Cu-4.0Ni-1.6Si,Cu-Ni-Si alloys,95.518,0.0,0.0,0.0,3.78,0.71,1223.0,773.0,0.333333333,35.0
Cu-4.0Ni-1.6Si,Cu-Ni-Si alloys,95.518,0.0,0.0,0.0,3.78,0.71,1223.0,773.0,1.0,35.0
Cu-4.0Ni-1.6Si,Cu-Ni-Si alloys,95.518,0.0,0.0,0.0,3.78,0.71,1223.0,773.0,2.0,37.0
Cu-4.0Ni-1.6Si,Cu-Ni-Si alloys,95.518,0.0,0.0,0.0,3.78,0.71,1223.0,773.0,4.5,41.0
Cu-4.0Ni-1.6Si,Cu-Ni-Si alloys,95.518,0.0,0.0,0.0,3.78,0.71,1223.0,773.0,8.0,51.0
Cu-4.0Ni-1.6Si,Cu-Ni-Si alloys,95.518,0.0,0.0,0.0,3.78,0.71,1223.0,773.0,22.0,55.0
Cu-1.5Ni-0.5Si,Cu-Ni-Si alloys,98.393,0.0,0.0,0.0,1.39,0.22,1223.0,773.0,0.033333333,36.0
Cu-1.5Ni-0.5Si,Cu-Ni-Si alloys,98.393,0.0,0.0,0.0,1.39,0.22,1223.0,773.0,0.083333333,36.0
Cu-1.5Ni-0.5Si,Cu-Ni-Si alloys,98.393,0.0,0.0,0.0,1.39,0.22,1223.0,773.0,0.166666667,36.0
Cu-1.5Ni-0.5Si,Cu-Ni-Si alloys,98.393,0.0,0.0,0.0,1.39,0.22,1223.0,773.0,0.333333333,36.0
Cu-1.5Ni-0.5Si,Cu-Ni-Si alloys,98.393,0.0,0.0,0.0,1.39,0.22,1223.0,773.0,1.0,38.0
Cu-1.5Ni-0.5Si,Cu-Ni-Si alloys,98.393,0.0,0.0,0.0,1.39,0.22,1223.0,773.0,2.0,37.0
Cu-1.5Ni-0.5Si,Cu-Ni-Si alloys,98.393,0.0,0.0,0.0,1.39,0.22,1223.0,773.0,4.0,36.0
Cu-1.5Ni-0.5Si,Cu-Ni-Si alloys,98.393,0.0,0.0,0.0,1.39,0.22,1223.0,773.0,8.0,36.0
Cu-1.5Ni-0.5Si,Cu-Ni-Si alloys,98.393,0.0,0.0,0.0,1.39,0.22,1223.0,773.0,22.0,36.0
Cu-2.5Ni-0.8Si,Cu-Ni-Si alloys,93.886,0.0,0.0,0.0,2.3,3.81,1223.0,773.0,0.033333333,26.0
Cu-2.5Ni-0.8Si,Cu-Ni-Si alloys,93.886,0.0,0.0,0.0,2.3,3.81,1223.0,773.0,0.083333333,29.0
Cu-2.5Ni-0.8Si,Cu-Ni-Si alloys,93.886,0.0,0.0,0.0,2.3,3.81,1223.0,773.0,0.166666667,33.0
Cu-2.5Ni-0.8Si,Cu-Ni-Si alloys,93.886,0.0,0.0,0.0,2.3,3.81,1223.0,773.0,0.333333333,39.0
Cu-2.5Ni-0.8Si,Cu-Ni-Si alloys,93.886,0.0,0.0,0.0,2.3,3.81,1223.0,773.0,1.0,44.0
Cu-2.5Ni-0.8Si,Cu-Ni-Si alloys,93.886,0.0,0.0,0.0,2.3,3.81,1223.0,773.0,2.0,47.0
Cu-2.5Ni-0.8Si,Cu-Ni-Si alloys,93.886,0.0,0.0,0.0,2.3,3.81,1223.0,773.0,4.0,47.0
Cu-2.5Ni-0.8Si,Cu-Ni-Si alloys,93.886,0.0,0.0,0.0,2.3,3.81,1223.0,773.0,6.5,47.0
Cu-2.5Ni-0.8Si,Cu-Ni-Si alloys,93.886,0.0,0.0,0.0,2.3,3.81,1223.0,773.0,21.0,48.0
Cu-4.0Ni-1.3Si,Cu-Ni-Si alloys,95.627,0.0,0.0,0.0,3.76,0.61,1223.0,773.0,0.033333333,29.0
Cu-4.0Ni-1.3Si,Cu-Ni-Si alloys,95.627,0.0,0.0,0.0,3.76,0.61,1223.0,773.0,0.083333333,31.0
Cu-4.0Ni-1.3Si,Cu-Ni-Si alloys,95.627,0.0,0.0,0.0,3.76,0.61,1223.0,773.0,0.166666667,31.0
Cu-4.0Ni-1.3Si,Cu-Ni-Si alloys,95.627,0.0,0.0,0.0,3.76,0.61,1223.0,773.0,0.333333333,32.0
Cu-4.0Ni-1.3Si,Cu-Ni-Si alloys,95.627,0.0,0.0,0.0,3.76,0.61,1223.0,773.0,1.0,34.0
Cu-4.0Ni-1.3Si,Cu-Ni-Si alloys,95.627,0.0,0.0,0.0,3.76,0.61,1223.0,773.0,2.0,39.0
Cu-4.0Ni-1.3Si,Cu-Ni-Si alloys,95.627,0.0,0.0,0.0,3.76,0.61,1223.0,773.0,4.0,38.0
Cu-4.0Ni-1.3Si,Cu-Ni-Si alloys,95.627,0.0,0.0,0.0,3.76,0.61,1223.0,773.0,8.0,37.0
Cu-4.0Ni-1.3Si,Cu-Ni-Si alloys,95.627,0.0,0.0,0.0,3.76,0.61,1223.0,773.0,70.0,47.0
Cu-3.0Ni-0.7Si,Cu-Ni-Si alloys,96.3,0.0,0.0,0.0,3.0,0.7,1223.0,723.0,0.5,34.0
Cu-2.8Ni-0.7Si,Cu-Ni-Si alloys,96.5,0.0,0.0,0.0,2.8,0.7,1223.0,673.0,1.0,28.0
Cu-2.8Ni-0.7Si,Cu-Ni-Si alloys,96.5,0.0,0.0,0.0,2.8,0.7,1223.0,673.0,3.0,28.0
Cu-2.8Ni-0.7Si,Cu-Ni-Si alloys,96.5,0.0,0.0,0.0,2.8,0.7,1223.0,673.0,5.0,29.0
Cu-2.8Ni-0.7Si,Cu-Ni-Si alloys,96.5,0.0,0.0,0.0,2.8,0.7,1223.0,673.0,10.0,32.0
Cu-2.8Ni-0.7Si,Cu-Ni-Si alloys,96.5,0.0,0.0,0.0,2.8,0.7,1223.0,673.0,20.0,31.0
Cu-2.8Ni-0.7Si,Cu-Ni-Si alloys,96.5,0.0,0.0,0.0,2.8,0.7,1223.0,673.0,40.0,35.0
Cu-2.8Ni-0.7Si,Cu-Ni-Si alloys,96.5,0.0,0.0,0.0,2.8,0.7,1223.0,723.0,1.0,28.0
Cu-2.8Ni-0.7Si,Cu-Ni-Si alloys,96.5,0.0,0.0,0.0,2.8,0.7,1223.0,723.0,3.0,28.0
Cu-2.8Ni-0.7Si,Cu-Ni-Si alloys,96.5,0.0,0.0,0.0,2.8,0.7,1223.0,723.0,5.0,29.0
Cu-2.8Ni-0.7Si,Cu-Ni-Si alloys,96.5,0.0,0.0,0.0,2.8,0.7,1223.0,723.0,10.0,34.0
Cu-2.8Ni-0.7Si,Cu-Ni-Si alloys,96.5,0.0,0.0,0.0,2.8,0.7,1223.0,723.0,20.0,38.0
Cu-2.8Ni-0.7Si,Cu-Ni-Si alloys,96.5,0.0,0.0,0.0,2.8,0.7,1223.0,723.0,40.0,39.0
Cu-2.8Ni-0.7Si,Cu-Ni-Si alloys,96.5,0.0,0.0,0.0,2.8,0.7,1223.0,773.0,1.0,27.0
Cu-2.8Ni-0.7Si,Cu-Ni-Si alloys,96.5,0.0,0.0,0.0,2.8,0.7,1223.0,773.0,3.0,35.0
Cu-2.8Ni-0.7Si,Cu-Ni-Si alloys,96.5,0.0,0.0,0.0,2.8,0.7,1223.0,773.0,5.0,36.0
Cu-2.8Ni-0.7Si,Cu-Ni-Si alloys,96.5,0.0,0.0,0.0,2.8,0.7,1223.0,773.0,10.0,40.0
Cu-2.8Ni-0.7Si,Cu-Ni-Si alloys,96.5,0.0,0.0,0.0,2.8,0.7,1223.0,773.0,20.0,39.0
Cu-2.8Ni-0.7Si,Cu-Ni-Si alloys,96.5,0.0,0.0,0.0,2.8,0.7,1223.0,773.0,40.0,41.0
